file,key,name,demographics,eligibility,safety_ae,score_3
ACALABRUTINIB_CLL_REVIEW.html,NCT02475681,ELEVATE-TN,N,N,N,0
ACALABRUTINIB_CLL_REVIEW.html,NCT02970318,ASCEND,N,N,N,0
ACORAMIDIS_ATTR_CM_REVIEW.html,NCT03860935,ATTRibute-CM,N,N,N,0
ACS_ANTIPLATELET_NMA_REVIEW.html,NCT00391872,PLATO,N,N,N,0
ACS_ANTIPLATELET_NMA_REVIEW.html,NCT00097591,TRITON-TIMI 38,N,N,N,0
ACS_ANTIPLATELET_NMA_REVIEW.html,NCT01944800,ISAR-REACT 5,N,N,N,0
ACS_ANTIPLATELET_NMA_REVIEW.html,NCT02270242,TWILIGHT,N,N,N,0
ADC_HER2_ADJUVANT_NMA_REVIEW.html,NCT01772472,KATHERINE,N,N,N,0
ADC_HER2_LOW_NMA_REVIEW.html,NCT03734029,DESTINY-Breast04,N,N,N,0
ADC_HER2_LOW_NMA_REVIEW.html,NCT04494425,DESTINY-Breast06,N,N,N,0
ADC_HER2_NMA_REVIEW.html,NCT03529110,DESTINY-Breast03,N,N,N,0
ADC_HER2_NMA_REVIEW.html,NCT00829166,EMILIA,N,N,N,0
ADC_HER2_NMA_REVIEW.html,NCT01419197,TH3RESA,N,N,N,0
ADC_HER2_NMA_REVIEW.html,NCT03523585,DESTINY-Breast02,N,N,N,0
ADJUVANT_IO_MELANOMA_REVIEW.html,NCT02362594,KEYNOTE-054,N,N,N,0
ADJUVANT_IO_MELANOMA_REVIEW.html,NCT02388906,CheckMate-238,N,N,N,0
ADJUVANT_IO_MELANOMA_REVIEW.html,NCT01682083,COMBI-AD,N,N,N,0
AFICAMTEN_HCM_REVIEW.html,NCT05186818,SEQUOIA-HCM,N,N,N,0
AFLIBERCEPT_HD_REVIEW.html,NCT04423718,PULSAR,N,N,N,0
AFLIBERCEPT_HD_REVIEW.html,NCT04429503,PHOTON,N,N,N,0
AGYW_HIV_PREP_NMA_REVIEW.html,NCT02732730,"HPTN 082 (oral PrEP, AGYW)",N,N,N,0
AGYW_HIV_PREP_NMA_REVIEW.html,NCT01386294,"FACTS-001 (vaginal tenofovir gel, AGYW)",N,N,N,0
ALDO_SYNTHASE_NMA_REVIEW.html,NCT05137002,BrigHTN,N,N,N,0
ALDO_SYNTHASE_NMA_REVIEW.html,NCT05001945,Target-HTN,N,N,N,0
ALK_NSCLC_NMA_REVIEW.html,NCT02075840,ALEX,N,N,N,0
ALK_NSCLC_NMA_REVIEW.html,NCT02737501,ALTA-1L,N,N,N,0
ALK_NSCLC_NMA_REVIEW.html,NCT03052608,CROWN,N,N,N,0
ALK_NSCLC_NMA_REVIEW.html,NCT02767804,eXalt3,N,N,N,0
ALOPECIA_JAKI_NMA_REVIEW.html,NCT03570749,BRAVE-AA1,N,N,N,0
ALOPECIA_JAKI_NMA_REVIEW.html,NCT03899259,BRAVE-AA2,N,N,N,0
ALOPECIA_JAKI_NMA_REVIEW.html,NCT03732807,ALLEGRO-2b/3,N,N,N,0
ALOPECIA_JAKI_NMA_REVIEW.html,NCT04518995,THRIVE-AA1,N,N,N,0
ALOPECIA_JAKI_NMA_REVIEW.html,NCT04797650,THRIVE-AA2,N,N,N,0
ANIFROLUMAB_SLE_REVIEW.html,NCT02446912,TULIP-1,N,N,N,0
ANIFROLUMAB_SLE_REVIEW.html,NCT02446899,TULIP-2,N,N,N,0
ANTI_CD20_MS_NMA_REVIEW.html,NCT01247324,OPERA I,N,N,N,0
ANTI_CD20_MS_NMA_REVIEW.html,NCT01412333,OPERA II,N,N,N,0
ANTI_CD20_MS_NMA_REVIEW.html,NCT02792218,ASCLEPIOS I,N,N,N,0
ANTI_CD20_MS_NMA_REVIEW.html,NCT02792231,ASCLEPIOS II,N,N,N,0
ANTI_CD20_MS_NMA_REVIEW.html,NCT03277261,ULTIMATE I,N,N,N,0
ANTI_CD20_MS_NMA_REVIEW.html,NCT03277248,ULTIMATE II,N,N,N,0
ANTIAMYLOID_AD_NMA_REVIEW.html,NCT03887455,Clarity AD,N,N,N,0
ANTIAMYLOID_AD_NMA_REVIEW.html,NCT04437511,TRAILBLAZER-ALZ 2,N,N,N,0
ANTIAMYLOID_AD_NMA_REVIEW.html,NCT02477800,EMERGE,N,N,N,0
ANTIAMYLOID_AD_NMA_REVIEW.html,NCT02484547,ENGAGE,N,N,N,0
ANTIAMYLOID_AD_NMA_REVIEW.html,NCT03444870,GRADUATE I,N,N,N,0
ANTIAMYLOID_AD_NMA_REVIEW.html,NCT03443973,GRADUATE II,N,N,N,0
ANTIAMYLOID_AD_NMA_REVIEW.html,NCT01900665,EXPEDITION 3,N,N,N,0
ANTIAMYLOID_AD_REVIEW.html,NCT03887455,Clarity-AD,N,N,N,0
ANTIAMYLOID_AD_REVIEW.html,NCT04437511,TRAILBLAZER-ALZ2,N,N,N,0
ANTIAMYLOID_AD_REVIEW.html,NCT02477800,EMERGE,N,N,N,0
ANTIAMYLOID_AD_REVIEW.html,NCT02484547,ENGAGE,N,N,N,0
ANTIPSYCHOTICS_SCHIZO_NMA_REVIEW.html,LEGACY-OLANZAPINE-PIVOTAL,Olanzapine-Pivotal,N,N,N,0
ANTIPSYCHOTICS_SCHIZO_NMA_REVIEW.html,LEGACY-RISPERIDONE-PIVOTAL,Risperidone-Pivotal,N,N,N,0
ANTIPSYCHOTICS_SCHIZO_NMA_REVIEW.html,LEGACY-QUETIAPINE-PIVOTAL,Quetiapine-Pivotal,N,N,N,0
ANTIPSYCHOTICS_SCHIZO_NMA_REVIEW.html,LEGACY-ARIPIPRAZOLE-PIVOTAL,Aripiprazole-Pivotal,N,N,N,0
ANTIPSYCHOTICS_SCHIZO_NMA_REVIEW.html,LEGACY-ZIPRASIDONE-PIVOTAL,Ziprasidone-Pivotal,N,N,N,0
ANTIPSYCHOTICS_SCHIZO_NMA_REVIEW.html,LEGACY-PALIPERIDONE-PIVOTAL,Paliperidone-Pivotal,N,N,N,0
ANTIPSYCHOTICS_SCHIZO_NMA_REVIEW.html,LEGACY-LURASIDONE-PIVOTAL,Lurasidone-Pivotal,N,N,N,0
ANTIPSYCHOTICS_SCHIZO_NMA_REVIEW.html,LEGACY-HALOPERIDOL-PIVOTAL,Haloperidol-Pivotal,N,N,N,0
ANTIVEGF_NAMD_NMA_REVIEW.html,NCT00509795,VIEW-1,N,N,N,0
ANTIVEGF_NAMD_NMA_REVIEW.html,NCT00637377,VIEW-2,N,N,N,0
ANTIVEGF_NAMD_NMA_REVIEW.html,NCT03823287,TENAYA,N,N,N,0
ANTIVEGF_NAMD_NMA_REVIEW.html,NCT03823300,LUCERNE,N,N,N,0
ANTIVEGF_NAMD_NMA_REVIEW.html,NCT04423718,PULSAR,N,N,N,0
ANTIVEGF_NAMD_NMA_REVIEW.html,NCT02307682,HAWK,N,N,N,0
ANTIVEGF_NAMD_NMA_REVIEW.html,NCT02434328,HARRIER,N,N,N,0
ANTIVEGF_NAMD_NMA_REVIEW.html,NCT00593450,CATT,N,N,N,0
ANTIVEGF_NAMD_NMA_REVIEW.html,NCT00056836,MARINA,N,N,N,0
ANTIVEGF_NAMD_NMA_REVIEW.html,NCT00061594,ANCHOR,N,N,N,0
ARPI_mHSPC_REVIEW.html,NCT02677896,ARCHES,N,N,N,0
ARPI_mHSPC_REVIEW.html,NCT02446405,ENZAMET,N,N,N,0
ARPI_mHSPC_REVIEW.html,NCT02489318,TITAN,N,N,N,0
ARPI_mHSPC_REVIEW.html,NCT02799602,ARASENS,N,N,N,0
ARPI_mHSPC_REVIEW.html,NCT01715285,LATITUDE,N,N,N,0
ARPI_NMCRPC_REVIEW.html,NCT01946204,SPARTAN,N,N,N,0
ARPI_NMCRPC_REVIEW.html,NCT02003924,PROSPER,N,N,N,0
ARPI_NMCRPC_REVIEW.html,NCT02200614,ARAMIS,N,N,N,0
ATOPIC_DERM_NMA_REVIEW.html,NCT02277743,SOLO-1-Dupi,N,N,N,0
ATOPIC_DERM_NMA_REVIEW.html,NCT03131648,ECZTRA-1,N,N,N,0
ATOPIC_DERM_NMA_REVIEW.html,NCT04146363,ADvocate1,N,N,N,0
ATOPIC_DERM_NMA_REVIEW.html,NCT03985943,ARCADIA-1,N,N,N,0
ATOPIC_DERM_NMA_REVIEW.html,NCT03349060,JADE-MONO-1,N,N,N,0
ATOPIC_DERM_NMA_REVIEW.html,NCT03569293,MeasureUp-1,N,N,N,0
ATOPIC_DERM_NMA_REVIEW.html,NCT03334396,BREEZE-AD1,N,N,N,0
ATTR_CM_NMA_REVIEW.html,NCT01994889,ATTR-ACT,N,N,N,0
ATTR_CM_NMA_REVIEW.html,NCT04153149,HELIOS-B,N,N,N,0
ATTR_CM_NMA_REVIEW.html,NCT03860935,ATTRibute-CM,N,N,N,0
ATTR_PN_NMA_REVIEW.html,NCT01960348,APOLLO,N,N,N,0
ATTR_PN_NMA_REVIEW.html,NCT03759379,HELIOS-A,N,N,N,0
ATTR_PN_NMA_REVIEW.html,NCT04136184,NEURO-TTRansform,N,N,N,0
AVACINCAPTAD_GA_REVIEW.html,NCT02686658,GATHER-1,N,N,N,0
AVACINCAPTAD_GA_REVIEW.html,NCT04435366,GATHER-2,N,N,N,0
AZITHROMYCIN_CHILD_MORTALITY_REVIEW.html,NCT02047981,MORDOR-I,N,N,N,0
AZITHROMYCIN_CHILD_MORTALITY_REVIEW.html,NCT02048007,MORDOR-II,N,N,N,0
AZITHROMYCIN_CHILD_MORTALITY_REVIEW.html,NCT04224987,AVENIR,N,N,N,0
BELIMUMAB_SLE_REVIEW.html,NCT00424476,BLISS-52,N,N,N,0
BELIMUMAB_SLE_REVIEW.html,NCT00410384,BLISS-76,N,N,N,0
BELIMUMAB_SLE_REVIEW.html,NCT01484496,BLISS-SC,N,N,N,0
BELIMUMAB_SLE_REVIEW.html,NCT01639339,BLISS-LN,N,N,N,0
BIMEKIZUMAB_PSORIASIS_REVIEW.html,NCT03370133,BE-VIVID,N,N,N,0
BIMEKIZUMAB_PSORIASIS_REVIEW.html,NCT03410992,BE-READY,N,N,N,0
BIMEKIZUMAB_PSORIASIS_REVIEW.html,NCT03412747,BE-SURE,N,N,N,0
BIOLOGIC_ASTHMA_REVIEW.html,NCT01691521,MENSA,N,N,N,0
BIOLOGIC_ASTHMA_REVIEW.html,NCT01914757,CALIMA,N,N,N,0
BIOLOGIC_ASTHMA_REVIEW.html,NCT02414854,QUEST,N,N,N,0
BIOLOGIC_ASTHMA_REVIEW.html,NCT03347279,NAVIGATOR,N,N,N,0
BPAL_MDRTB_REVIEW.html,NCT02589782,TB-PRACTECAL,N,N,N,0
BPAL_MDRTB_REVIEW.html,NCT02409290,STREAM-2,N,N,N,0
BPAL_MDRTB_REVIEW.html,NCT02754765,endTB-MDR,N,N,N,0
BTKI_CLL_NMA_REVIEW.html,NCT02475681,ELEVATE-TN,N,N,N,0
BTKI_CLL_NMA_REVIEW.html,NCT02477696,ELEVATE-RR,N,N,N,0
BTKI_CLL_NMA_REVIEW.html,NCT03734016,ALPINE,N,N,N,0
BTKI_CLL_NMA_REVIEW.html,NCT01722487,RESONATE-2,N,N,N,0
BTKI_CLL_NMA_REVIEW.html,NCT03336333,SEQUOIA,N,N,N,0
BTKI_CLL_NMA_REVIEW.html,NCT01578707,RESONATE,N,N,N,0
BTKI_CLL_NMA_REVIEW.html,NCT02970318,ASCEND,N,N,N,0
CAB_PREP_HIV_REVIEW.html,NCT02720094,HPTN 083,N,N,N,0
CAB_PREP_HIV_REVIEW.html,NCT03164564,HPTN 084,N,N,N,0
CABOTEGRAVIR_HIV_ART_REVIEW.html,NCT02951052,ATLAS,N,N,N,0
CABOTEGRAVIR_HIV_ART_REVIEW.html,NCT02938520,FLAIR,N,N,N,0
CABOTEGRAVIR_HIV_ART_REVIEW.html,NCT03299049,ATLAS-2M,N,N,N,0
CANGRELOR_PCI_REVIEW.html,NCT00305162,CHAMPION-PCI,N,N,N,0
CANGRELOR_PCI_REVIEW.html,NCT00385138,CHAMPION-PLATFORM,N,N,N,0
CANGRELOR_PCI_REVIEW.html,NCT01156571,CHAMPION-PHOENIX,N,N,N,0
CAPIVASERTIB_BC_REVIEW.html,NCT04305496,CAPItello-291,N,N,N,0
CARDIORENAL_DKD_NMA_REVIEW.html,NCT02540993,FIDELIO-DKD,N,N,N,0
CARDIORENAL_DKD_NMA_REVIEW.html,NCT02545049,FIGARO-DKD,N,N,N,0
CARDIORENAL_DKD_NMA_REVIEW.html,NCT02065791,CREDENCE,N,N,N,0
CARDIORENAL_DKD_NMA_REVIEW.html,NCT03036150,DAPA-CKD,N,N,N,0
CARDIORENAL_DKD_NMA_REVIEW.html,NCT03594110,EMPA-KIDNEY,N,N,N,0
CARDIORENAL_DKD_NMA_REVIEW.html,NCT03819153,FLOW,N,N,N,0
CART_DLBCL_REVIEW.html,NCT03391466,ZUMA-7,N,N,N,0
CART_DLBCL_REVIEW.html,NCT03575351,TRANSFORM,N,N,N,0
CART_DLBCL_REVIEW.html,NCT03570892,BELINDA,N,N,N,0
CART_MM_REVIEW.html,NCT04181827,CARTITUDE-4,N,N,N,0
CART_MM_REVIEW.html,NCT03651128,KarMMa-3,N,N,N,0
CBD_SEIZURE_REVIEW.html,NCT02091375,GWPCARE1,N,N,N,0
CBD_SEIZURE_REVIEW.html,NCT02224690,GWPCARE2,N,N,N,0
CBD_SEIZURE_REVIEW.html,NCT02224560,GWPCARE3,N,N,N,0
CBD_SEIZURE_REVIEW.html,NCT02224703,GWPCARE4,N,N,N,0
CD_BIOLOGICS_NMA_REVIEW.html,LEGACY-PRENCT-ACCENT-1,ACCENT-1,N,N,N,0
CD_BIOLOGICS_NMA_REVIEW.html,LEGACY-PRENCT-CLASSIC-1,CLASSIC-1,N,N,N,0
CD_BIOLOGICS_NMA_REVIEW.html,NCT00152490,PRECiSE-1,N,N,N,0
CD_BIOLOGICS_NMA_REVIEW.html,NCT01224171,GEMINI-2,N,N,N,0
CD_BIOLOGICS_NMA_REVIEW.html,NCT01369329,UNITI-1,N,N,N,0
CD_BIOLOGICS_NMA_REVIEW.html,NCT03105128,ADVANCE,N,N,N,0
CD_BIOLOGICS_NMA_REVIEW.html,NCT03345849,U-EXCEL,N,N,N,0
CDK46_MBC_REVIEW.html,NCT01740427,PALOMA-2,N,N,N,0
CDK46_MBC_REVIEW.html,NCT01958021,MONALEESA-2,N,N,N,0
CDK46_MBC_REVIEW.html,NCT02246621,MONARCH-3,N,N,N,0
CFTR_CF_REVIEW.html,NCT00909532,STRIVE-CF,N,N,N,0
CFTR_CF_REVIEW.html,NCT03525444,VX17-445-102,N,N,N,0
CFTR_CF_REVIEW.html,NCT03525548,VX17-445-103,N,N,N,0
CFTR_MODULATORS_NMA_REVIEW.html,NCT01807923,TRAFFIC,N,N,N,0
CFTR_MODULATORS_NMA_REVIEW.html,NCT02347657,EVOLVE,N,N,N,0
CFTR_MODULATORS_NMA_REVIEW.html,NCT03525444,VX18-445-102,N,N,N,0
CGRP_MIGRAINE_NMA_REVIEW.html,NCT02456740,STRIVE,N,N,N,0
CGRP_MIGRAINE_NMA_REVIEW.html,NCT02629861,HALO-EM,N,N,N,0
CGRP_MIGRAINE_NMA_REVIEW.html,NCT02614183,EVOLVE-1,N,N,N,0
CGRP_MIGRAINE_NMA_REVIEW.html,NCT02559895,PROMISE-1,N,N,N,0
CGRP_MIGRAINE_REVIEW.html,NCT02456740,STRIVE,N,N,N,0
CGRP_MIGRAINE_REVIEW.html,NCT02614183,EVOLVE-1,N,N,N,0
CGRP_MIGRAINE_REVIEW.html,NCT02629861,HALO-EM,N,N,N,0
CHOLERA_OCV_REVIEW.html,NCT02027207,Single-Dose Shanchol Bangladesh,N,N,N,0
COLCHICINE_CVD_REVIEW.html,NCT02551094,COLCOT,N,N,N,0
COLCHICINE_CVD_REVIEW.html,NCT03048825,CLEAR SYNERGY,N,N,N,0
COLCHICINE_CVD_REVIEW.html,NCT02898610,CONVINCE,N,N,N,0
COPD_TRIPLE_REVIEW.html,NCT02164513,IMPACT,N,N,N,0
COPD_TRIPLE_REVIEW.html,NCT02465567,ETHOS,N,N,N,0
COPD_TRIPLE_REVIEW.html,NCT02497001,KRONOS,N,N,N,0
COVID_ORAL_ANTIVIRALS_REVIEW.html,NCT04960202,EPIC-HR,N,N,N,0
COVID_ORAL_ANTIVIRALS_REVIEW.html,NCT04575597,MOVe-OUT,N,N,N,0
CRYPTOCOCCAL_MENINGITIS_AFRICA_NMA_REVIEW.html,LEGACY-ISRCTN-45035509-ACTA,ACTA (Molloy 2018),N,N,N,0
CRYPTOCOCCAL_MENINGITIS_AFRICA_NMA_REVIEW.html,LEGACY-ISRCTN-72509687-AMBITION-CM,AMBITION-cm (Jarvis 2022),N,N,N,0
CRYPTOCOCCAL_MENINGITIS_AFRICA_NMA_REVIEW.html,NCT01075152,COAT (ART timing in CM),N,N,N,0
DELANDISTROGENE_DMD_REVIEW.html,NCT05096221,EMBARK,N,N,N,0
DIABETIC_MACULAR_EDEMA_NMA_REVIEW.html,NCT01627249,Protocol T DRCR (Wells 2015),N,N,N,0
DIABETIC_MACULAR_EDEMA_NMA_REVIEW.html,NCT03622580,YOSEMITE (Wykoff 2022),N,N,N,0
DIABETIC_MACULAR_EDEMA_NMA_REVIEW.html,NCT03622593,RHINE (Wykoff 2022),N,N,N,0
DOAC_AF_NMA_REVIEW.html,NCT00262600,RE-LY,N,N,N,0
DOAC_AF_NMA_REVIEW.html,NCT00403767,ROCKET-AF,N,N,N,0
DOAC_AF_NMA_REVIEW.html,NCT00412984,ARISTOTLE,N,N,N,0
DOAC_AF_NMA_REVIEW.html,NCT00781391,ENGAGE-AF-TIMI-48,N,N,N,0
DOAC_AF_REVIEW.html,NCT00262600,RE-LY,N,N,N,0
DOAC_AF_REVIEW.html,NCT00403767,ROCKET-AF,N,N,N,0
DOAC_AF_REVIEW.html,NCT00412984,ARISTOTLE,N,N,N,0
DOAC_AF_REVIEW.html,NCT00781391,ENGAGE AF-TIMI 48,N,N,N,0
DOAC_VTE_NMA_REVIEW.html,NCT00291330,RE-COVER,N,N,N,0
DOAC_VTE_NMA_REVIEW.html,NCT00440193,EINSTEIN-DVT,N,N,N,0
DOAC_VTE_NMA_REVIEW.html,NCT00643201,AMPLIFY,N,N,N,0
DOAC_VTE_NMA_REVIEW.html,NCT00986154,HOKUSAI-VTE,N,N,N,0
DOLUTEGRAVIR_ART_SSA_REVIEW.html,NCT03122262,ADVANCE,N,N,N,0
DOLUTEGRAVIR_ART_SSA_REVIEW.html,NCT02777229,NAMSAL,N,N,N,0
DOLUTEGRAVIR_ART_SSA_REVIEW.html,NCT03048422,IMPAACT 2010,N,N,N,0
DONANEMAB_AD_SOLO_REVIEW.html,NCT04437511,TRAILBLAZER-ALZ 2,N,N,N,0
DORAVIRINE_HIV_REVIEW.html,NCT02403674,DRIVE-AHEAD,N,N,N,0
DORAVIRINE_HIV_REVIEW.html,NCT02275780,DRIVE-FORWARD,N,N,N,0
DORAVIRINE_HIV_REVIEW.html,NCT02397096,DRIVE-SHIFT,N,N,N,0
DUPILUMAB_AD_REVIEW.html,NCT02277743,SOLO-1,N,N,N,0
DUPILUMAB_AD_REVIEW.html,NCT02277769,SOLO-2,N,N,N,0
DUPILUMAB_AD_REVIEW.html,NCT02260986,CHRONOS,N,N,N,0
DUPILUMAB_COPD_REVIEW.html,NCT03930732,BOREAS,N,N,N,0
DUPILUMAB_COPD_REVIEW.html,NCT04456673,NOTUS,N,N,N,0
EBOLA_VACCINE_REVIEW.html,NCT02378753,STRIVE Sierra Leone (rVSV\u0394G-ZEBOV),N,N,N,0
EBOLA_VACCINE_REVIEW.html,LEGACY-PACTR-EBOLA-CI-RING,Ebola ça Suffit Guinea Ring (Henao-Restr,N,N,N,0
EFGARTIGIMOD_MG_REVIEW.html,NCT03669588,ADAPT,N,N,N,0
ELACESTRANT_BC_REVIEW.html,NCT03778931,EMERALD,N,N,N,0
ENSIFENTRINE_COPD_REVIEW.html,NCT04535986,ENHANCE-1,N,N,N,0
ENSIFENTRINE_COPD_REVIEW.html,NCT04542057,ENHANCE-2,N,N,N,0
ESKETAMINE_TRD_REVIEW.html,NCT02418585,TRANSFORM-2,N,N,N,0
ESKETAMINE_TRD_REVIEW.html,NCT02422186,TRANSFORM-3,N,N,N,0
ETRASIMOD_UC_REVIEW.html,NCT03945188,ELEVATE UC 52,N,N,N,0
ETRASIMOD_UC_REVIEW.html,NCT03996369,ELEVATE UC 12,N,N,N,0
EVT_BASILAR_REVIEW.html,NCT04751708,ATTENTION,N,N,N,0
EVT_BASILAR_REVIEW.html,NCT02737189,BAOCHE,N,N,N,0
EVT_BASILAR_REVIEW.html,NCT01717755,BASICS,N,N,N,0
EVT_EXTENDED_WINDOW_REVIEW.html,NCT02142283,DAWN,N,N,N,0
EVT_EXTENDED_WINDOW_REVIEW.html,NCT02586415,DEFUSE 3,N,N,N,0
EVT_EXTENDED_WINDOW_REVIEW.html,NCT03098355,MR CLEAN-LATE,N,N,N,0
EVT_LARGECORE_REVIEW.html,NCT03702413,RESCUE-Japan LIMIT,N,N,N,0
EVT_LARGECORE_REVIEW.html,NCT04551664,ANGEL-ASPECT,N,N,N,0
EVT_LARGECORE_REVIEW.html,NCT03876457,SELECT2,N,N,N,0
EVT_LARGECORE_REVIEW.html,NCT03094715,TENSION,N,N,N,0
EVT_LARGECORE_REVIEW.html,NCT03811769,LASTE,N,N,N,0
EVT_LARGECORE_REVIEW.html,NCT03805308,TESLA,N,N,N,0
FARICIMAB_NAMD_REVIEW.html,NCT03823287,TENAYA,N,N,N,0
FARICIMAB_NAMD_REVIEW.html,NCT03823300,LUCERNE,N,N,N,0
FENFLURAMINE_SEIZURE_REVIEW.html,NCT02682927,Study 1 (Dravet),N,N,N,0
FENFLURAMINE_SEIZURE_REVIEW.html,NCT02926898,Study 2 (Dravet+stiripentol),N,N,N,0
FENFLURAMINE_SEIZURE_REVIEW.html,NCT03355209,LGS Study 1,N,N,N,0
FEZOLINETANT_VMS_REVIEW.html,NCT04003155,SKYLIGHT-1,N,N,N,0
FEZOLINETANT_VMS_REVIEW.html,NCT04003142,SKYLIGHT-2,N,N,N,0
FINERENONE_REVIEW.html,NCT02540993,FIDELIO-DKD,N,N,N,0
FINERENONE_REVIEW.html,NCT02545049,FIGARO-DKD,N,N,N,0
FINERENONE_REVIEW.html,NCT04435626,FINEARTS-HF,N,N,N,0
FINERENONE_REVIEW.html,NCT01874431,ARTS-DN,N,N,N,0
FRAGILITY_FRACTURE_NMA_REVIEW.html,NCT01631214,ARCH,N,N,N,0
FRAGILITY_FRACTURE_NMA_REVIEW.html,NCT01575834,FRAME,N,N,N,0
FRAGILITY_FRACTURE_NMA_REVIEW.html,NCT00321620,ACTIVE,N,N,N,0
FRAGILITY_FRACTURE_NMA_REVIEW.html,NCT00089791,FREEDOM,N,N,N,0
FRAGILITY_FRACTURE_NMA_REVIEW.html,LEGACY-VERT-1999,VERT,N,N,N,0
GLP1_CVOT_NMA_REVIEW.html,NCT01179048,LEADER,N,N,N,0
GLP1_CVOT_NMA_REVIEW.html,NCT01720446,SUSTAIN-6,N,N,N,0
GLP1_CVOT_NMA_REVIEW.html,NCT01394952,REWIND,N,N,N,0
GLP1_CVOT_NMA_REVIEW.html,NCT02692716,PIONEER-6,N,N,N,0
GLP1_CVOT_NMA_REVIEW.html,NCT01147250,ELIXA,N,N,N,0
GLP1_CVOT_NMA_REVIEW.html,NCT02465515,HARMONY-Outcomes,N,N,N,0
GLP1_CVOT_NMA_REVIEW.html,NCT01144338,EXSCEL,N,N,N,0
GLP1_CVOT_NMA_REVIEW.html,NCT03496298,AMPLITUDE-O,N,N,N,0
GLP1_CVOT_REVIEW.html,NCT01147250,ELIXA,N,N,N,0
GLP1_CVOT_REVIEW.html,NCT01179048,LEADER,N,N,N,0
GLP1_CVOT_REVIEW.html,NCT01720446,SUSTAIN-6,N,N,N,0
GLP1_CVOT_REVIEW.html,NCT01144338,EXSCEL,N,N,N,0
GLP1_CVOT_REVIEW.html,NCT02465515,HARMONY Outcomes,N,N,N,0
GLP1_CVOT_REVIEW.html,NCT01394952,REWIND,N,N,N,0
GLP1_CVOT_REVIEW.html,NCT02692716,PIONEER 6,N,N,N,0
GLP1_CVOT_REVIEW.html,NCT03574597,SELECT,N,N,N,0
GLP1_CVOT_REVIEW.html,NCT03496298,AMPLITUDE-O,N,N,N,0
GLP1_CVOT_REVIEW.html,NCT03914326,SOUL,N,N,N,0
GLP1_CVOT_REVIEW.html,NCT01147250,ELIXA,N,N,N,0
GLP1_CVOT_REVIEW.html,NCT01179048,LEADER,N,N,N,0
GLP1_CVOT_REVIEW.html,NCT01720446,SUSTAIN-6,N,N,N,0
GLP1_CVOT_REVIEW.html,NCT01144338,EXSCEL,N,N,N,0
GLP1_CVOT_REVIEW.html,NCT02465515,Harmony,N,N,N,0
GLP1_CVOT_REVIEW.html,NCT01394952,REWIND,N,N,N,0
GLP1_CVOT_REVIEW.html,NCT03496298,AMPLITUDE-O,N,N,N,0
GLP1_CVOT_REVIEW.html,NCT02692716,PIONEER-6,N,N,N,0
GLP1_CVOT_REVIEW.html,NCT03914728,SOUL,N,N,N,0
GLP1_CVOT_REVIEW.html,NCT03574597,SELECT,N,N,N,0
GLP1_MASH_NMA_REVIEW.html,NCT04822181,ESSENCE,N,N,N,0
GLP1_MASH_NMA_REVIEW.html,NCT04166773,SYNERGY-NASH,N,N,N,0
GLP1_MASH_NMA_REVIEW.html,NCT02970942,Newsome NAFLD,N,N,N,0
HCC_1L_NMA_REVIEW.html,NCT03434379,IMbrave150,N,N,N,0
HCC_1L_NMA_REVIEW.html,NCT03298451,HIMALAYA,N,N,N,0
HCC_1L_NMA_REVIEW.html,NCT04039607,CheckMate 9DW,N,N,N,0
HCC_1L_NMA_REVIEW.html,NCT03713593,LEAP-002,N,N,N,0
HEPATITIS_B_TAF_TDF_REVIEW.html,NCT01940341,"GS-US-320-0108 (TAF vs TDF, HBeAg-negati",N,N,N,0
HEPATITIS_B_TAF_TDF_REVIEW.html,NCT01940471,"GS-US-320-0110 (TAF vs TDF, HBeAg-positi",N,N,N,0
HEPATITIS_HCV_DAA_NMA_REVIEW.html,NCT02201940,ASTRAL-1,N,N,N,0
HEPATITIS_HCV_DAA_NMA_REVIEW.html,NCT02201953,ASTRAL-3,N,N,N,0
HEPATITIS_HCV_DAA_NMA_REVIEW.html,NCT02642432,EXPEDITION-1,N,N,N,0
HER2_LOW_ADC_NMA_REVIEW.html,NCT03734029,DESTINY-Breast04,N,N,N,0
HER2_LOW_ADC_NMA_REVIEW.html,NCT04494425,DESTINY-Breast06,N,N,N,0
HER2_LOW_ADC_NMA_REVIEW.html,NCT03901339,TROPiCS-02,N,N,N,0
HER2_LOW_ADC_NMA_REVIEW.html,NCT05374512,TROPION-Breast01,N,N,N,0
HF_QUADRUPLE_NMA_REVIEW.html,NCT03036124,DAPA-HF,N,N,N,0
HF_QUADRUPLE_NMA_REVIEW.html,NCT03057977,EMPEROR-Reduced,N,N,N,0
HF_QUADRUPLE_NMA_REVIEW.html,NCT03619213,DELIVER,N,N,N,0
HF_QUADRUPLE_NMA_REVIEW.html,NCT03057951,EMPEROR-Preserved,N,N,N,0
HF_QUADRUPLE_NMA_REVIEW.html,NCT01035255,PARADIGM-HF,N,N,N,0
HF_QUADRUPLE_NMA_REVIEW.html,NCT04435626,FINEARTS-HF,N,N,N,0
HIDRADENITIS_SUPPURATIVA_NMA_REVIEW.html,NCT01468207,PIONEER I (Kimball 2016),N,N,N,0
HIDRADENITIS_SUPPURATIVA_NMA_REVIEW.html,NCT01468233,PIONEER II (Kimball 2016),N,N,N,0
HIDRADENITIS_SUPPURATIVA_NMA_REVIEW.html,NCT04242446,BE HEARD I (Kimball 2024),N,N,N,0
HIFPH_CKD_ANEMIA_REVIEW.html,NCT02879305,ASCEND-D,N,N,N,0
HIFPH_CKD_ANEMIA_REVIEW.html,NCT02876835,ASCEND-ND,N,N,N,0
HIFPH_CKD_ANEMIA_REVIEW.html,NCT02648347,PRO2TECT,N,N,N,0
HIFPH_CKD_ANEMIA_REVIEW.html,NCT02892149,INNO2VATE,N,N,N,0
HIFPH_CKD_ANEMIA_REVIEW.html,NCT02052310,HIMALAYAS,N,N,N,0
HIGH_EFFICACY_MS_REVIEW.html,NCT01247324,OPERA-I,N,N,N,0
HIGH_EFFICACY_MS_REVIEW.html,NCT01412333,OPERA-II,N,N,N,0
HIGH_EFFICACY_MS_REVIEW.html,NCT02792218,ASCLEPIOS-I,N,N,N,0
HIGH_EFFICACY_MS_REVIEW.html,NCT02792231,ASCLEPIOS-II,N,N,N,0
HIV_ART_FIRSTLINE_NMA_REVIEW.html,NCT03122262,ADVANCE DTG/TAF,N,N,N,0
HIV_ART_FIRSTLINE_NMA_REVIEW.html,NCT03122262_TDF,ADVANCE DTG/TDF,N,N,N,0
HIV_ART_TIMING_NMA_REVIEW.html,NCT00867048,START (INSIGHT 2015),N,N,N,0
HIV_ART_TIMING_NMA_REVIEW.html,NCT00495651,TEMPRANO (ANRS 12136),N,N,N,0
HIV_ART_TIMING_NMA_REVIEW.html,NCT00074581,HPTN 052 (Cohen 2011/2016),N,N,N,0
HIV_LA_PREP_NMA_REVIEW.html,NCT02720094,HPTN 083,N,N,N,0
HIV_LA_PREP_NMA_REVIEW.html,NCT03164564,HPTN 084,N,N,N,0
HIV_LA_PREP_NMA_REVIEW.html,NCT04994509,PURPOSE-1,N,N,N,0
HIV_LA_PREP_NMA_REVIEW.html,NCT04925752,PURPOSE-2,N,N,N,0
HIV_PREP_INJECTABLE_NMA_REVIEW.html,NCT02720094,HPTN 083,N,N,N,0
HIV_PREP_INJECTABLE_NMA_REVIEW.html,NCT03164564,HPTN 084,N,N,N,0
HIV_PREP_INJECTABLE_NMA_REVIEW.html,NCT02842086,DISCOVER (F/TAF vs F/TDF),N,N,N,0
HIV_TB_COINFECTION_ART_TIMING_NMA_REVIEW.html,NCT00091936,SAPiT (Karim 2010+2011),N,N,N,0
HIV_TB_COINFECTION_ART_TIMING_NMA_REVIEW.html,NCT00108862,STRIDE / ACTG A5221 (Havlir 2011),N,N,N,0
HIV_TB_COINFECTION_ART_TIMING_NMA_REVIEW.html,NCT00226434,CAMELIA (Blanc 2011),N,N,N,0
HPV_DOSE_REDUCTION_NMA_REVIEW.html,NCT03675256,KEN-SHE bivalent,N,N,N,0
HPV_DOSE_REDUCTION_NMA_REVIEW.html,NCT03675256_NONAV,KEN-SHE nonavalent,N,N,N,0
HPV_DOSE_REDUCTION_NMA_REVIEW.html,NCT02834637,DoRIS 1d-vs-3d bivalent,N,N,N,0
HPV_VACCINE_SCHEDULES_NMA_REVIEW.html,NCT00122681,PATRICIA Cervarix 3-dose,N,N,N,0
HPV_VACCINE_SCHEDULES_NMA_REVIEW.html,NCT00092534,FUTURE II Gardasil-4 3-dose,N,N,N,0
HPV_VACCINE_SCHEDULES_NMA_REVIEW.html,NCT03675256,KEN SHE single-dose (Barnabas 2022),N,N,N,0
HYDROCORTISONE_SEPTIC_SHOCK_NMA_REVIEW.html,NCT01448109,ADRENAL (Venkatesh 2018),N,N,N,0
HYDROCORTISONE_SEPTIC_SHOCK_NMA_REVIEW.html,NCT00625209,APROCCHSS (Annane 2018),N,N,N,0
HYDROCORTISONE_SEPTIC_SHOCK_NMA_REVIEW.html,NCT00670254,HYPRESS (Keh 2016),N,N,N,0
IL23_PSA_NMA_REVIEW.html,NCT03675308,KEEPsAKE-1,N,N,N,0
IL23_PSA_NMA_REVIEW.html,NCT03671148,KEEPsAKE-2,N,N,N,0
IL23_PSA_NMA_REVIEW.html,NCT03162796,DISCOVER-1,N,N,N,0
IL23_PSA_NMA_REVIEW.html,NCT03158285,DISCOVER-2,N,N,N,0
IL23_PSORIASIS_REVIEW.html,NCT02207231,VOYAGE 1,N,N,N,0
IL23_PSORIASIS_REVIEW.html,NCT02684370,UltIMMa-1,N,N,N,0
IL23_PSORIASIS_REVIEW.html,NCT01722331,reSURFACE 1,N,N,N,0
IL_PSORIASIS_NMA_REVIEW.html,NCT02207231,VOYAGE 1,N,N,N,0
IL_PSORIASIS_NMA_REVIEW.html,NCT02684370,UltIMMa-1,N,N,N,0
IL_PSORIASIS_NMA_REVIEW.html,NCT01474512,UNCOVER-1,N,N,N,0
IL_PSORIASIS_NMA_REVIEW.html,NCT01597245,UNCOVER-2,N,N,N,0
IL_PSORIASIS_NMA_REVIEW.html,NCT01646177,UNCOVER-3,N,N,N,0
IL_PSORIASIS_NMA_REVIEW.html,NCT01365455,ERASURE,N,N,N,0
IL_PSORIASIS_NMA_REVIEW.html,NCT01358578,FIXTURE,N,N,N,0
IL_PSORIASIS_NMA_REVIEW.html,NCT03536884,BE RADIANT,N,N,N,0
IL_PSORIASIS_NMA_REVIEW.html,NCT03370133,BE VIVID,N,N,N,0
IL_PSORIASIS_NMA_REVIEW.html,NCT03412747,BE SURE,N,N,N,0
IL_PSORIASIS_NMA_REVIEW.html,NCT02207244,VOYAGE 2,N,N,N,0
IL_PSORIASIS_NMA_REVIEW.html,NCT02684357,UltIMMa-2,N,N,N,0
IL_PSORIASIS_NMA_REVIEW.html,NCT01708590,AMAGINE-1,N,N,N,0
IL_PSORIASIS_NMA_REVIEW.html,NCT01722331,reSURFACE-1,N,N,N,0
IL_PSORIASIS_NMA_REVIEW.html,NCT01729754,reSURFACE-2,N,N,N,0
IL_PSORIASIS_NMA_REVIEW.html,NCT01708603,AMAGINE-2,N,N,N,0
IL_PSORIASIS_NMA_REVIEW.html,NCT02074982,CLEAR,N,N,N,0
IL_PSORIASIS_NMA_REVIEW.html,NCT03410992,BE READY,N,N,N,0
INAVOLISIB_BC_REVIEW.html,NCT04191499,INAVO120,N,N,N,0
INCLISIRAN_REVIEW.html,NCT03397121,ORION-9,N,N,N,0
INCLISIRAN_REVIEW.html,NCT03399370,ORION-10,N,N,N,0
INCLISIRAN_REVIEW.html,NCT03400800,ORION-11,N,N,N,0
INCRETINS_T2D_NMA_REVIEW.html,NCT03954834,SURPASS-1,N,N,N,0
INCRETINS_T2D_NMA_REVIEW.html,NCT03987919,SURPASS-2,N,N,N,0
INCRETINS_T2D_NMA_REVIEW.html,NCT02054897,SUSTAIN-1,N,N,N,0
INCRETINS_T2D_NMA_REVIEW.html,NCT01885208,SUSTAIN-3,N,N,N,0
INCRETINS_T2D_NMA_REVIEW.html,NCT02648204,SUSTAIN-7,N,N,N,0
INCRETINS_T2D_NMA_REVIEW.html,NCT00518882,LEAD-6,N,N,N,0
INCRETINS_T2D_NMA_REVIEW.html,NCT01624259,AWARD-6,N,N,N,0
INCRETINS_T2D_NMA_REVIEW.html,NCT00318461,LEAD-2,N,N,N,0
INCRETINS_T2D_NMA_REVIEW.html,NCT01720446,SUSTAIN-6,N,N,N,0
INCRETINS_T2D_NMA_REVIEW.html,NCT01144338,EXSCEL,N,N,N,0
INCRETINS_T2D_NMA_REVIEW.html,NCT02863419,PIONEER-4,N,N,N,0
INCRETINS_T2D_NMA_REVIEW.html,NCT02607865,PIONEER-3,N,N,N,0
INCRETINS_T2D_NMA_REVIEW.html,NCT01930188,SUSTAIN-2,N,N,N,0
INCRETINS_T2D_NMA_REVIEW.html,NCT03882970,SURPASS-3,N,N,N,0
INCRETINS_T2D_NMA_REVIEW.html,NCT03730662,SURPASS-4,N,N,N,0
INCRETINS_T2D_NMA_REVIEW.html,NCT04039503,SURPASS-5,N,N,N,0
INCRETINS_T2D_NMA_REVIEW.html,NCT04537923,SURPASS-6,N,N,N,0
INSULIN_ICODEC_REVIEW.html,NCT04460885,ONWARDS-1,N,N,N,0
INSULIN_ICODEC_REVIEW.html,NCT04770532,ONWARDS-2,N,N,N,0
INSULIN_ICODEC_REVIEW.html,NCT04795531,ONWARDS-3,N,N,N,0
INTENSIVE_BP_REVIEW.html,NCT01206062_SENIOR,SPRINT-SENIOR,N,N,N,0
INTENSIVE_BP_REVIEW.html,NCT01206062_CKD,SPRINT-CKD,N,N,N,0
INTENSIVE_BP_REVIEW.html,NCT00000620,ACCORD-BP,N,N,N,0
INTENSIVE_BP_REVIEW.html,NCT03015311,STEP,N,N,N,0
INTENSIVE_BP_REVIEW.html,NCT00059306,SPS3-BP,N,N,N,0
IO_CHEMO_NSCLC_1L_REVIEW.html,NCT02578680,KEYNOTE-189,N,N,N,0
IO_CHEMO_NSCLC_1L_REVIEW.html,NCT02775435,KEYNOTE-407,N,N,N,0
IO_CHEMO_NSCLC_1L_REVIEW.html,NCT02366143,IMpower150,N,N,N,0
IO_CHEMO_NSCLC_1L_REVIEW.html,NCT03164616,POSEIDON,N,N,N,0
IPTACOPAN_IGAN_REVIEW.html,NCT04578834,APPLAUSE-IgAN,N,N,N,0
JAK_RA_REVIEW.html,NCT01710358,RA-BEAM,N,N,N,0
JAK_RA_REVIEW.html,NCT02675426,SELECT-NEXT,N,N,N,0
JAK_RA_REVIEW.html,NCT02889796,FINCH-1,N,N,N,0
JAK_UC_REVIEW.html,NCT01465763,OCTAVE Induction 1,N,N,N,0
JAK_UC_REVIEW.html,NCT02819635,U-ACHIEVE Induction,N,N,N,0
JAK_UC_REVIEW.html,NCT02914522,SELECTION Induction A,N,N,N,0
JAKI_AD_NMA_REVIEW.html,NCT03349060,JADE-MONO-1,N,N,N,0
JAKI_AD_NMA_REVIEW.html,NCT03575871,JADE-MONO-2,N,N,N,0
JAKI_AD_NMA_REVIEW.html,NCT03569293,Measure Up 1,N,N,N,0
JAKI_AD_NMA_REVIEW.html,NCT03607422,Measure Up 2,N,N,N,0
JAKI_AD_NMA_REVIEW.html,NCT03334396,BREEZE-AD1,N,N,N,0
JAKI_AD_NMA_REVIEW.html,NCT03334422,BREEZE-AD2,N,N,N,0
JAKI_AD_REVIEW.html,NCT03349060,JADE MONO-1,N,N,N,0
JAKI_AD_REVIEW.html,NCT03575871,JADE MONO-2,N,N,N,0
JAKI_AD_REVIEW.html,NCT03569293,MEASURE-UP 1,N,N,N,0
JAKI_AD_REVIEW.html,NCT03607422,MEASURE-UP 2,N,N,N,0
JAKI_RA_NMA_REVIEW.html,NCT00853385,ORAL-Standard,N,N,N,0
JAKI_RA_NMA_REVIEW.html,NCT01710358,RA-BEAM,N,N,N,0
JAKI_RA_NMA_REVIEW.html,NCT02629159,SELECT-Compare,N,N,N,0
JAKI_RA_NMA_REVIEW.html,NCT02889796,FINCH-1,N,N,N,0
KARXT_SCZ_REVIEW.html,NCT04659161,EMERGENT-2,N,N,N,0
KARXT_SCZ_REVIEW.html,NCT04738123,EMERGENT-3,N,N,N,0
KRAS_G12C_NMA_REVIEW.html,NCT04303780,CodeBreaK 200,N,N,N,0
KRAS_G12C_NMA_REVIEW.html,NCT04685135,KRYSTAL-12,N,N,N,0
LEBRIKIZUMAB_AD_REVIEW.html,NCT04146363,ADvocate1,N,N,N,0
LEBRIKIZUMAB_AD_REVIEW.html,NCT04178967,ADvocate2,N,N,N,0
LEBRIKIZUMAB_AD_REVIEW.html,NCT04250337,ADhere,N,N,N,0
LENACAPAVIR_PREP_REVIEW.html,NCT04994509,PURPOSE-1,N,N,N,0
LENACAPAVIR_PREP_REVIEW.html,NCT04925752,PURPOSE-2,N,N,N,0
LIPID_HUB_REVIEW.html,NCT01492361,REDUCE-IT,N,N,N,0
LIPID_HUB_REVIEW.html,NCT02104817,STRENGTH,N,N,N,0
LIPID_HUB_REVIEW.html,NCT01169259,VITAL,N,N,N,0
LIPID_HUB_REVIEW.html,NCT01841944,OMEMI,N,N,N,0
LIPID_HUB_REVIEW.html,NCT02944682,RESPECT-EPA,N,N,N,0
LU_PSMA_MCRPC_REVIEW.html,NCT03511664,VISION,N,N,N,0
LU_PSMA_MCRPC_REVIEW.html,NCT04689828,PSMAfore,N,N,N,0
MALARIA_ACT_NMA_REVIEW.html,NCT01704508,Bandim AL-vs-DP,N,N,N,0
MALARIA_ACT_NMA_REVIEW.html,NCT06076213,TES2022 DRC,N,N,N,0
MALARIA_ACT_NMA_REVIEW.html,NCT04565184,Yaounde TES Cameroon,N,N,N,0
MALARIA_ACT_NMA_REVIEW.html,NCT05192265,Nigeria PA-vs-AL,N,N,N,0
MALARIA_ACT_NMA_REVIEW.html,NCT04767191,Siaya-Bungoma TES Kenya,N,N,N,0
MALARIA_VACCINE_NMA_REVIEW.html,NCT00866619,"RTS,S/AS01 Phase 3",N,N,N,0
MALARIA_VACCINE_NMA_REVIEW.html,NCT03896724,R21/Matrix-M Phase 2b (Datoo 2021),N,N,N,0
MALARIA_VACCINE_NMA_REVIEW.html,NCT04704830,R21/Matrix-M Phase 3 (Datoo 2024),N,N,N,0
MALARIA_VACCINES_NMA_REVIEW.html,NCT00866619,"RTS,S Phase 3",N,N,N,0
MALARIA_VACCINES_NMA_REVIEW.html,NCT03896724,R21 Phase 2b,N,N,N,0
MALARIA_VACCINES_NMA_REVIEW.html,NCT04704830,R21 Phase 3,N,N,N,0
MDR_TB_SHORTENED_NMA_REVIEW.html,NCT02589782,TB-PRACTECAL (BPaLM vs SOC),N,N,N,0
MDR_TB_SHORTENED_NMA_REVIEW.html,NCT02333799,Nix-TB (BPaL single-arm XDR-TB),N,N,N,0
MDR_TB_SHORTENED_NMA_REVIEW.html,NCT03086486,ZeNix (BPaL dose-finding),N,N,N,0
MDRTB_BPAL_REVIEW.html,NCT02333799,Nix-TB,N,N,N,0
MDRTB_BPAL_REVIEW.html,NCT03086486,ZeNix,N,N,N,0
MDRTB_BPAL_REVIEW.html,NCT02589782,TB-PRACTECAL,N,N,N,0
MEDITERRANEAN_DIET_CV_NMA_REVIEW.html,LEGACY-ISRCTN-35739639-PREDIMED,PREDIMED (Estruch 2018 reanalysis),N,N,N,0
MEDITERRANEAN_DIET_CV_NMA_REVIEW.html,NCT00924937,CORDIOPREV (Delgado-Lista 2022),N,N,N,0
MEDITERRANEAN_DIET_CV_NMA_REVIEW.html,LEGACY-ISRCTN-89898870-PREDIMEDPLUS,PREDIMED-Plus (Salas-Salvado 2024),N,N,N,0
MENTAL_HEALTH_FRIENDSHIP_BENCH_REVIEW.html,LEGACY-PACTR-FRIENDSHIP-BENCH,Friendship Bench Zimbabwe,N,N,N,0
MHEALTH_ART_ADHERENCE_REVIEW.html,NCT00830622,WelTel Kenya 1,N,N,N,0
MIGRAINE_ACUTE_NMA_REVIEW.html,NCT03461757,ACHIEVE I,N,N,N,0
MIGRAINE_ACUTE_NMA_REVIEW.html,NCT03235479,ACHIEVE II,N,N,N,0
MIGRAINE_ACUTE_NMA_REVIEW.html,NCT02867709,SAMURAI,N,N,N,0
MIGRAINE_ACUTE_NMA_REVIEW.html,NCT03872453,Rimegepant Study 303,N,N,N,0
MIRIKIZUMAB_UC_REVIEW.html,NCT03518086,LUCENT-1,N,N,N,0
MIRIKIZUMAB_UC_REVIEW.html,NCT03524092,LUCENT-2,N,N,N,0
MIRVETUXIMAB_OVARIAN_REVIEW.html,NCT04209855,MIRASOL,N,N,N,0
MITAPIVAT_THALASSEMIA_REVIEW.html,NCT04770753,ENERGIZE,N,N,N,0
MITRAL_FUNCMR_REVIEW.html,NCT01626079,COAPT,N,N,N,0
MITRAL_FUNCMR_REVIEW.html,NCT01920698,MITRA-FR,N,N,N,0
MITRAL_FUNCMR_REVIEW.html,NCT02444338,RESHAPE-HF2,N,N,N,0
MM_1L_NMA_REVIEW.html,NCT02252172,MAIA,N,N,N,0
MM_1L_NMA_REVIEW.html,NCT02195479,ALCYONE,N,N,N,0
MM_1L_NMA_REVIEW.html,NCT02541383,CASSIOPEIA,N,N,N,0
MM_1L_NMA_REVIEW.html,NCT03319667,IMROZ,N,N,N,0
NEOADJUVANT_IO_NSCLC_REVIEW.html,NCT02998528,CheckMate-816,N,N,N,0
NEOADJUVANT_IO_NSCLC_REVIEW.html,NCT03425643,KEYNOTE-671,N,N,N,0
NEOADJUVANT_IO_NSCLC_REVIEW.html,NCT03800134,AEGEAN,N,N,N,0
NIRSEVIMAB_INFANT_RSV_REVIEW.html,NCT02878330,Nirsevimab Phase 2b,N,N,N,0
NIRSEVIMAB_INFANT_RSV_REVIEW.html,NCT03979313,MELODY,N,N,N,0
NIRSEVIMAB_INFANT_RSV_REVIEW.html,NCT05437510,HARMONIE,N,N,N,0
OBESITY_DRUGS_NMA_REVIEW.html,NCT04184622,SURMOUNT-1,N,N,N,0
OBESITY_DRUGS_NMA_REVIEW.html,NCT03548935,STEP 1,N,N,N,0
OBESITY_DRUGS_NMA_REVIEW.html,NCT01272219,SCALE Obesity,N,N,N,0
OSIMERTINIB_EGFR_NSCLC_REVIEW.html,NCT02151981,AURA3,N,N,N,0
OSIMERTINIB_EGFR_NSCLC_REVIEW.html,NCT02296125,FLAURA,N,N,N,0
OSIMERTINIB_EGFR_NSCLC_REVIEW.html,NCT02511106,ADAURA,N,N,N,0
OSIMERTINIB_EGFR_NSCLC_REVIEW.html,NCT04035486,FLAURA2,N,N,N,0
PAH_THERAPY_NMA_REVIEW.html,NCT04576988,STELLAR,N,N,N,0
PAH_THERAPY_NMA_REVIEW.html,NCT01106014,GRIPHON,N,N,N,0
PAH_THERAPY_NMA_REVIEW.html,NCT00810693,PATENT-1,N,N,N,0
PAH_THERAPY_NMA_REVIEW.html,NCT00660179,SERAPHIN,N,N,N,0
PARP_ARPI_MCRPC_REVIEW.html,NCT03732820,PROpel,N,N,N,0
PARP_ARPI_MCRPC_REVIEW.html,NCT03748641,MAGNITUDE,N,N,N,0
PARP_ARPI_MCRPC_REVIEW.html,NCT03395197,TALAPRO-2,N,N,N,0
PARP_OVARIAN_REVIEW.html,NCT01844986,SOLO-1,N,N,N,0
PARP_OVARIAN_REVIEW.html,NCT02477644,PAOLA-1,N,N,N,0
PARP_OVARIAN_REVIEW.html,NCT02655016,PRIMA,N,N,N,0
PATISIRAN_POLYNEUROPATHY_REVIEW.html,NCT01960348,APOLLO,N,N,N,0
PATISIRAN_POLYNEUROPATHY_REVIEW.html,NCT03759379,HELIOS-A,N,N,N,0
PBC_PPAR_REVIEW.html,NCT04526665,ELATIVE,N,N,N,0
PBC_PPAR_REVIEW.html,NCT04620733,RESPONSE,N,N,N,0
PCSK9_LIPID_NMA_REVIEW.html,NCT00202878,IMPROVE-IT,N,N,N,0
PCSK9_LIPID_NMA_REVIEW.html,NCT01764633,FOURIER,N,N,N,0
PCSK9_LIPID_NMA_REVIEW.html,NCT01663402,ODYSSEY-OUTCOMES,N,N,N,0
PCSK9_LIPID_NMA_REVIEW.html,NCT02993406,CLEAR-OUTCOMES,N,N,N,0
PEDIATRIC_HIV_ART_NMA_REVIEW.html,NCT02259127,"ODYSSEY (DTG vs SOC, paeds)",N,N,N,0
PEDIATRIC_HIV_ART_NMA_REVIEW.html,LEGACY-ISRCTN-69078957-CHAPAS-3,CHAPAS-3 (NRTI backbone in paeds),N,N,N,0
PEDIATRIC_HIV_ART_NMA_REVIEW.html,LEGACY-ISRCTN-24791884-ARROW,ARROW (clinical vs lab monitoring),N,N,N,0
PEGCETACOPLAN_GA_REVIEW.html,NCT03525613,OAKS-PM,N,N,N,0
PEGCETACOPLAN_GA_REVIEW.html,NCT03525600,DERBY-PM,N,N,N,0
PEGCETACOPLAN_GA_REVIEW.html,NCT03525613_PEOM,OAKS-PEOM,N,N,N,0
PEGCETACOPLAN_GA_REVIEW.html,NCT03525600_PEOM,DERBY-PEOM,N,N,N,0
PHYSICAL_REHAB_OLDER_NMA_REVIEW.html,NCT02196038,REHAB-HF (Kitzman 2021),N,N,N,0
PHYSICAL_REHAB_OLDER_NMA_REVIEW.html,NCT01072500,LIFE (Pahor 2014),N,N,N,0
PHYSICAL_REHAB_OLDER_NMA_REVIEW.html,NCT00871715,ICARE (Winstein 2016),N,N,N,0
PI3K_AKT_BC_REVIEW.html,NCT02437318,SOLAR-1,N,N,N,0
PI3K_AKT_BC_REVIEW.html,NCT04305496,CAPItello-291,N,N,N,0
PI3K_AKT_BC_REVIEW.html,NCT04191499,INAVO120,N,N,N,0
PNEUMONIA_AMOXICILLIN_DURATION_REVIEW.html,LEGACY-ISRCTN-76888927-CAP-IT,CAP-IT (Bielicki 2021),N,N,N,0
POLYCYTHEMIA_VERA_NMA_REVIEW.html,NCT01243944,RESPONSE (Vannucchi 2015),N,N,N,0
POLYCYTHEMIA_VERA_NMA_REVIEW.html,NCT02038036,RESPONSE-2 (Passamonti 2017),N,N,N,0
POLYCYTHEMIA_VERA_NMA_REVIEW.html,NCT01949805,PROUD-PV (Gisslinger 2020),N,N,N,0
POSTPARTUM_HEMORRHAGE_NMA_REVIEW.html,NCT04341662,E-MOTIVE (PPH bundle),N,N,N,0
POSTPARTUM_HEMORRHAGE_NMA_REVIEW.html,LEGACY-ISRCTN-76912190-WOMAN,WOMAN trial (TXA for PPH),N,N,N,0
POSTPARTUM_HEMORRHAGE_NMA_REVIEW.html,LEGACY-ISRCTN-95444399-CHAMPION,CHAMPION (heat-stable carbetocin),N,N,N,0
PPH_BUNDLE_NMA_REVIEW.html,NCT00872469,WOMAN,N,N,N,0
PPH_BUNDLE_NMA_REVIEW.html,NCT03475342,WOMAN-2,N,N,N,0
PPH_BUNDLE_NMA_REVIEW.html,NCT04341662,E-MOTIVE,N,N,N,0
PREGNANCY_HIV_VESTED_REVIEW.html,NCT03048422,IMPAACT 2010 / VESTED,N,N,N,0
PREGNANCY_IRON_FCM_REVIEW.html,LEGACY-ANZCTR-12618001268235-FCM,Pasricha 2023 Malawi (FCM vs oral iron),N,N,N,0
PRIMAQUINE_GAMETOCYTE_DR_REVIEW.html,NCT01365598,Eziefula 2014 Uganda,N,N,N,0
PRIMAQUINE_GAMETOCYTE_DR_REVIEW.html,NCT02174900,SAFEPRIM Burkina Faso,N,N,N,0
PSA_BIOLOGICS_NMA_REVIEW.html,NCT01695239,SPIRIT-P1,N,N,N,0
PSA_BIOLOGICS_NMA_REVIEW.html,NCT03158285,DISCOVER-2,N,N,N,0
PSA_BIOLOGICS_NMA_REVIEW.html,NCT03895203,BE OPTIMAL,N,N,N,0
PSA_BIOLOGICS_NMA_REVIEW.html,NCT03104400,SELECT-PsA 1,N,N,N,0
RCC_1L_NMA_REVIEW.html,NCT03141177,CheckMate 9ER,N,N,N,0
RCC_1L_NMA_REVIEW.html,NCT02853331,KEYNOTE-426,N,N,N,0
RCC_1L_NMA_REVIEW.html,NCT02811861,CLEAR,N,N,N,0
RCC_1L_NMA_REVIEW.html,NCT02231749,CheckMate 214,N,N,N,0
RESMETIROM_MASH_REVIEW.html,NCT03900429,MAESTRO-NASH,N,N,N,0
RISANKIZUMAB_CD_REVIEW.html,NCT03105128,ADVANCE,N,N,N,0
RISANKIZUMAB_CD_REVIEW.html,NCT03104413,MOTIVATE,N,N,N,0
RISANKIZUMAB_CD_REVIEW.html,NCT03105102,FORTIFY,N,N,N,0
ROMOSOZUMAB_OP_REVIEW.html,NCT01575834,FRAME,N,N,N,0
ROMOSOZUMAB_OP_REVIEW.html,NCT01631214,ARCH,N,N,N,0
ROMOSOZUMAB_OP_REVIEW.html,NCT02186171,BRIDGE,N,N,N,0
ROTAVIRUS_VACCINE_AFRICA_NMA_REVIEW.html,NCT00241644,Rotarix Africa (Madhi 2010),N,N,N,0
ROTAVIRUS_VACCINE_AFRICA_NMA_REVIEW.html,NCT00362648,RotaTeq Africa (Armah 2010),N,N,N,0
ROTAVIRUS_VACCINE_AFRICA_NMA_REVIEW.html,NCT02145000,Rotasiil ROSE Niger (Isanaka 2017),N,N,N,0
RSV_VACCINE_OLDER_REVIEW.html,NCT05035212,RENOIR,N,N,N,0
RSV_VACCINE_OLDER_REVIEW.html,NCT04886596,AReSVi-006,N,N,N,0
RSV_VACCINE_OLDER_REVIEW.html,NCT05127434,ConquerRSV,N,N,N,0
RUSFERTIDE_PV_REVIEW.html,NCT05210790,VERIFY,N,N,N,0
SAM_SIMPLIFIED_PROTOCOL_REVIEW.html,NCT04698070,OptiMA Niger (ComPAS vs Standard),N,N,N,0
SCD_DISEASE_MOD_NMA_REVIEW.html,NCT01966731,"REACH (hydroxyurea, Africa)",N,N,N,0
SCD_DISEASE_MOD_NMA_REVIEW.html,NCT01179217,L-glutamine (Endari),N,N,N,0
SCD_DISEASE_MOD_NMA_REVIEW.html,NCT03745287,CLIMB-121 (exa-cel/Casgevy),N,N,N,0
SCHISTOSOMIASIS_ARPRAZIQUANTEL_REVIEW.html,NCT03845140,L-PZQ ODT (arpraziquantel) phase 3,N,N,N,0
SEMAGLUTIDE_OBESITY_REVIEW.html,NCT03548935,STEP-1,N,N,N,0
SEMAGLUTIDE_OBESITY_REVIEW.html,NCT03611582,STEP-3,N,N,N,0
SEMAGLUTIDE_OBESITY_REVIEW.html,NCT03693430,STEP-5,N,N,N,0
SEMAGLUTIDE_OBESITY_REVIEW.html,NCT03552757,STEP-2,N,N,N,0
SEVERE_ASTHMA_NMA_REVIEW.html,NCT01691521,MENSA,N,N,N,0
SEVERE_ASTHMA_NMA_REVIEW.html,NCT01287039,Castro-2015-Resliz,N,N,N,0
SEVERE_ASTHMA_NMA_REVIEW.html,NCT01928771,SIROCCO,N,N,N,0
SEVERE_ASTHMA_NMA_REVIEW.html,NCT02414854,QUEST,N,N,N,0
SEVERE_ASTHMA_NMA_REVIEW.html,NCT03347279,NAVIGATOR,N,N,N,0
SEVERE_PEDIATRIC_FEBRILE_AFRICA_NMA_REVIEW.html,LEGACY-ISRCTN-50258054-AQUAMAT,AQUAMAT (IV artesunate vs IV quinine),N,N,N,0
SEVERE_PEDIATRIC_FEBRILE_AFRICA_NMA_REVIEW.html,LEGACY-ISRCTN-69856593-FEAST,FEAST (fluid bolus severe sepsis),N,N,N,0
SEVERE_PEDIATRIC_FEBRILE_AFRICA_NMA_REVIEW.html,LEGACY-ISRCTN-84086586-TRACT,TRACT (transfusion threshold anaemic),N,N,N,0
SGLT2_HF_REVIEW.html,NCT03036124,DAPA-HF,N,N,N,0
SGLT2_HF_REVIEW.html,NCT03057977,EMPEROR-Reduced,N,N,N,0
SGLT2_HF_REVIEW.html,NCT03057951,EMPEROR-Preserved,N,N,N,0
SGLT2_HF_REVIEW.html,NCT03619213,DELIVER,N,N,N,0
SGLT2_HF_REVIEW.html,NCT03521934,SOLOIST-WHF,N,N,N,0
SGLT2_MACE_CVOT_REVIEW.html,NCT01131676,EMPA-REG OUTCOME,N,N,N,0
SGLT2_MACE_CVOT_REVIEW.html,NCT01032629,CANVAS,N,N,N,0
SGLT2_MACE_CVOT_REVIEW.html,NCT01730534,DECLARE-TIMI 58,N,N,N,0
SGLT2_MACE_CVOT_REVIEW.html,NCT01986881,VERTIS-CV,N,N,N,0
SGLT2I_HF_NMA_REVIEW.html,NCT03036124,DAPA-HF,N,N,N,0
SGLT2I_HF_NMA_REVIEW.html,NCT03057977,EMPEROR-Reduced,N,N,N,0
SGLT2I_HF_NMA_REVIEW.html,NCT03057951,EMPEROR-Preserved,N,N,N,0
SGLT2I_HF_NMA_REVIEW.html,NCT03619213,DELIVER,N,N,N,0
SGLT2I_HF_NMA_REVIEW.html,NCT03521934,SOLOIST-WHF,N,N,N,0
SGLT2I_HF_NMA_REVIEW.html,NCT03315143,SCORED,N,N,N,0
SOTAGLIFLOZIN_HF_REVIEW.html,NCT03521934,SOLOIST-WHF,N,N,N,0
SOTAGLIFLOZIN_HF_REVIEW.html,NCT03315143,SCORED,N,N,N,0
SOTATERCEPT_PAH_REVIEW.html,NCT04576988,STELLAR,N,N,N,0
SPARSENTAN_IGAN_REVIEW.html,NCT03762850,PROTECT,N,N,N,0
SPONDYLOARTHRITIS_NMA_REVIEW.html,NCT02696785,MEASURE 4,N,N,N,0
SPONDYLOARTHRITIS_NMA_REVIEW.html,NCT03928704,BE MOBILE 1,N,N,N,0
SPONDYLOARTHRITIS_NMA_REVIEW.html,NCT03928743,BE MOBILE 2,N,N,N,0
SPONDYLOARTHRITIS_NMA_REVIEW.html,NCT04169373,SELECT-AXIS 2,N,N,N,0
TARLATAMAB_SCLC_REVIEW.html,NCT05060016,DeLLphi-301,N,N,N,0
TAVR_LOWRISK_REVIEW.html,NCT02675114,PARTNER 3,N,N,N,0
TAVR_LOWRISK_REVIEW.html,NCT02701283,Evolut Low Risk,N,N,N,0
TAVR_LOWRISK_REVIEW.html,NCT01057173,NOTION,N,N,N,0
TB_DRUG_SUSCEPTIBLE_4MO_REVIEW.html,NCT02410772,Study 31 / A5349 (4-month rifapentine-mo,N,N,N,0
TB_PREVENTION_NMA_REVIEW.html,NCT01404312,BRIEF-TB / A5279 (1HP),N,N,N,0
TB_PREVENTION_NMA_REVIEW.html,NCT00023452,TBTC Study 26 / PREVENT TB (3HP),N,N,N,0
TB_PREVENTION_NMA_REVIEW.html,NCT01582711,iAdhere / TBTC Study 33 (3HP SAT vs DOT),N,N,N,0
TB_PREVENTION_REVIEW.html,NCT01404312,BRIEF-TB / A5279,N,N,N,0
TDXD_HER2LOW_BC_REVIEW.html,NCT03734029,DESTINY-Breast04,N,N,N,0
TDXD_HER2LOW_BC_REVIEW.html,NCT04494425,DESTINY-Breast06,N,N,N,0
TEPLIZUMAB_T1D_REVIEW.html,NCT01030861,TN-10,N,N,N,0
TIRZEPATIDE_OBESITY_REVIEW.html,NCT04184622,SURMOUNT-1,N,N,N,0
TIRZEPATIDE_OBESITY_REVIEW.html,NCT04657003,SURMOUNT-2,N,N,N,0
TIRZEPATIDE_OBESITY_REVIEW.html,NCT04657016,SURMOUNT-3,N,N,N,0
TIRZEPATIDE_T2D_REVIEW.html,NCT03954834,SURPASS-1,N,N,N,0
TIRZEPATIDE_T2D_REVIEW.html,NCT03882970,SURPASS-3,N,N,N,0
TIRZEPATIDE_T2D_REVIEW.html,NCT04039503,SURPASS-5,N,N,N,0
TIRZEPATIDE_T2D_REVIEW.html,NCT03987919,SURPASS-2,N,N,N,0
TIRZEPATIDE_T2D_REVIEW.html,NCT03730662,SURPASS-4,N,N,N,0
TNK_VS_TPA_STROKE_REVIEW.html,NCT01949948,NOR-TEST,N,N,N,0
TNK_VS_TPA_STROKE_REVIEW.html,NCT03889249,AcT,N,N,N,0
TNK_VS_TPA_STROKE_REVIEW.html,NCT04797013,TRACE-2,N,N,N,0
TNK_VS_TPA_STROKE_REVIEW.html,NCT02388061,EXTEND-IA TNK,N,N,N,0
TNK_VS_TPA_STROKE_REVIEW.html,NCT03854500,NOR-TEST 2 Part A,N,N,N,0
TNK_VS_TPA_STROKE_REVIEW.html,NCT02814409,ATTEST-2,N,N,N,0
TOFACITINIB_UC_REVIEW.html,NCT01465763,OCTAVE Induction 1,N,N,N,0
TOFACITINIB_UC_REVIEW.html,NCT01458951,OCTAVE Induction 2,N,N,N,0
TOFACITINIB_UC_REVIEW.html,NCT01458574,OCTAVE Sustain,N,N,N,0
TYVAC_TYPHOID_REVIEW.html,NCT03299426,TyVAC Malawi,N,N,N,0
UC_BIOLOGICS_NMA_REVIEW.html,NCT00036439,ACT-1,N,N,N,0
UC_BIOLOGICS_NMA_REVIEW.html,NCT00408629,ULTRA-2,N,N,N,0
UC_BIOLOGICS_NMA_REVIEW.html,NCT00488774,PURSUIT-SC,N,N,N,0
UC_BIOLOGICS_NMA_REVIEW.html,NCT00783718,GEMINI-1,N,N,N,0
UC_BIOLOGICS_NMA_REVIEW.html,NCT02407236,UNIFI-induction,N,N,N,0
UC_BIOLOGICS_NMA_REVIEW.html,NCT01465763,OCTAVE-1,N,N,N,0
UC_BIOLOGICS_NMA_REVIEW.html,NCT02819635,U-ACHIEVE,N,N,N,0
UC_BIOLOGICS_NMA_REVIEW.html,NCT02435992,TRUE-NORTH,N,N,N,0
UC_BIOLOGICS_NMA_REVIEW.html,NCT03518086,LUCENT-1,N,N,N,0
UPADACITINIB_CD_REVIEW.html,NCT03345849,U-EXCEL,N,N,N,0
UPADACITINIB_CD_REVIEW.html,NCT03345836,U-EXCEED,N,N,N,0
UPADACITINIB_CD_REVIEW.html,NCT03345823,U-ENDURE,N,N,N,0
VENETOCLAX_AML_REVIEW.html,NCT02993523,VIALE-A,N,N,N,0
VENETOCLAX_AML_REVIEW.html,NCT03069352,VIALE-C,N,N,N,0
VENETOCLAX_CLL_REVIEW.html,NCT02242942,CLL14,N,N,N,0
VENETOCLAX_CLL_REVIEW.html,NCT02005471,MURANO,N,N,N,0
VENETOCLAX_CLL_REVIEW.html,NCT02950051,CLL13/GAIA,N,N,N,0
VITAMIN_D_FRACTURE_FALL_NMA_REVIEW.html,NCT01169259,VITAL (Manson 2019),N,N,N,0
VITAMIN_D_FRACTURE_FALL_NMA_REVIEW.html,LEGACY-ACTRN12613000743763-DHEALTH,D-Health (Neale 2022),N,N,N,0
VITAMIN_D_FRACTURE_FALL_NMA_REVIEW.html,LEGACY-ACTRN12611000402943-VIDA,ViDA (Khaw 2017),N,N,N,0
VOCLOSPORIN_LN_REVIEW.html,NCT03021499,AURORA 1,N,N,N,0
VORASIDENIB_GLIOMA_REVIEW.html,NCT04164901,INDIGO,N,N,N,0
VUTRISIRAN_ATTR_REVIEW.html,NCT04153149,HELIOS-B,N,N,N,0
YELLOW_FEVER_FRACTIONAL_REVIEW.html,LEGACY-NONNCT-CASEY-2019-YF,Casey 2019 Kinshasa (1/5 fractional 17DD,N,N,N,0
ZOLBETUXIMAB_GASTRIC_REVIEW.html,NCT03504397,SPOTLIGHT,N,N,N,0
ZOLBETUXIMAB_GASTRIC_REVIEW.html,NCT03653507,GLOW,N,N,N,0
ZURANOLONE_PPD_REVIEW.html,NCT04442503,SKYLARK,N,N,N,0
ZURANOLONE_PPD_REVIEW.html,NCT02978326,ROBIN,N,N,N,0
