file,nct,name,rob_class,rob_raw
ACALABRUTINIB_CLL_REVIEW.html,NCT02475681,ELEVATE-TN,NO_ROB,
ACALABRUTINIB_CLL_REVIEW.html,NCT02970318,ASCEND,NO_ROB,
ACORAMIDIS_ATTR_CM_REVIEW.html,NCT03860935,ATTRibute-CM,NO_ROB,
ACS_ANTIPLATELET_REVIEW.html,NCT00391872,PLATO,NO_ROB,
ACS_ANTIPLATELET_REVIEW.html,NCT00097591,TRITON-TIMI 38,NO_ROB,
ACS_ANTIPLATELET_REVIEW.html,NCT01944800,ISAR-REACT 5,NO_ROB,
ACS_ANTIPLATELET_REVIEW.html,NCT02270242,TWILIGHT,NO_ROB,
ADC_HER2_ADJUVANT_REVIEW.html,NCT01772472,KATHERINE,NO_ROB,
ADC_HER2_LOW_REVIEW.html,NCT03734029,DESTINY-Breast04,NO_ROB,
ADC_HER2_LOW_REVIEW.html,NCT04494425,DESTINY-Breast06,NO_ROB,
ADC_HER2_NMA_REVIEW.html,NCT03529110,DESTINY-Breast03,NO_ROB,
ADC_HER2_NMA_REVIEW.html,NCT00829166,EMILIA,NO_ROB,
ADC_HER2_NMA_REVIEW.html,NCT01419197,TH3RESA,NO_ROB,
ADC_HER2_NMA_REVIEW.html,NCT03523585,DESTINY-Breast02,NO_ROB,
ADJUVANT_IO_MELANOMA_REVIEW.html,NCT02362594,KEYNOTE-054,NO_ROB,
ADJUVANT_IO_MELANOMA_REVIEW.html,NCT02388906,CheckMate-238,NO_ROB,
ADJUVANT_IO_MELANOMA_REVIEW.html,NCT01682083,COMBI-AD,NO_ROB,
AFICAMTEN_HCM_REVIEW.html,NCT05186818,SEQUOIA-HCM,NO_ROB,
AFLIBERCEPT_HD_REVIEW.html,NCT04423718,PULSAR,NO_ROB,
AFLIBERCEPT_HD_REVIEW.html,NCT04429503,PHOTON,NO_ROB,
AGYW_HIV_PREP_REVIEW.html,NCT02732730,"HPTN 082 (oral PrEP, AGYW)",NO_ROB,
AGYW_HIV_PREP_REVIEW.html,NCT01386294,"FACTS-001 (vaginal tenofovir gel, AGYW)",NO_ROB,
ALDO_SYNTHASE_REVIEW.html,NCT05137002,BrigHTN,NO_ROB,
ALDO_SYNTHASE_REVIEW.html,NCT05001945,Target-HTN,NO_ROB,
ALK_NSCLC_REVIEW.html,NCT02075840,ALEX,NO_ROB,
ALK_NSCLC_REVIEW.html,NCT02737501,ALTA-1L,NO_ROB,
ALK_NSCLC_REVIEW.html,NCT03052608,CROWN,NO_ROB,
ALK_NSCLC_REVIEW.html,NCT02767804,eXalt3,NO_ROB,
ALOPECIA_JAKI_REVIEW.html,NCT03570749,BRAVE-AA1,NO_ROB,
ALOPECIA_JAKI_REVIEW.html,NCT03899259,BRAVE-AA2,NO_ROB,
ALOPECIA_JAKI_REVIEW.html,NCT03732807,ALLEGRO-2b/3,NO_ROB,
ALOPECIA_JAKI_REVIEW.html,NCT04518995,THRIVE-AA1,NO_ROB,
ALOPECIA_JAKI_REVIEW.html,NCT04797650,THRIVE-AA2,NO_ROB,
ANIFROLUMAB_SLE_REVIEW.html,NCT02446912,TULIP-1,NO_ROB,
ANIFROLUMAB_SLE_REVIEW.html,NCT02446899,TULIP-2,NO_ROB,
ANTI_CD20_MS_REVIEW.html,NCT01247324,OPERA I,NO_ROB,
ANTI_CD20_MS_REVIEW.html,NCT01412333,OPERA II,NO_ROB,
ANTI_CD20_MS_REVIEW.html,NCT02792218,ASCLEPIOS I,NO_ROB,
ANTI_CD20_MS_REVIEW.html,NCT02792231,ASCLEPIOS II,NO_ROB,
ANTI_CD20_MS_REVIEW.html,NCT03277261,ULTIMATE I,NO_ROB,
ANTI_CD20_MS_REVIEW.html,NCT03277248,ULTIMATE II,NO_ROB,
ANTIAMYLOID_AD_NMA_REVIEW.html,NCT03887455,Clarity AD,NO_ROB,
ANTIAMYLOID_AD_NMA_REVIEW.html,NCT04437511,TRAILBLAZER-ALZ 2,NO_ROB,
ANTIAMYLOID_AD_NMA_REVIEW.html,NCT02477800,EMERGE,NO_ROB,
ANTIAMYLOID_AD_NMA_REVIEW.html,NCT02484547,ENGAGE,NO_ROB,
ANTIAMYLOID_AD_NMA_REVIEW.html,NCT03444870,GRADUATE I,NO_ROB,
ANTIAMYLOID_AD_NMA_REVIEW.html,NCT03443973,GRADUATE II,NO_ROB,
ANTIAMYLOID_AD_NMA_REVIEW.html,NCT01900665,EXPEDITION 3,NO_ROB,
ANTIAMYLOID_AD_REVIEW.html,NCT03887455,Clarity-AD,NO_ROB,
ANTIAMYLOID_AD_REVIEW.html,NCT04437511,TRAILBLAZER-ALZ2,NO_ROB,
ANTIAMYLOID_AD_REVIEW.html,NCT02477800,EMERGE,NO_ROB,
ANTIAMYLOID_AD_REVIEW.html,NCT02484547,ENGAGE,NO_ROB,
ANTIPSYCHOTICS_SCHIZO_REVIEW.html,LEGACY-OLANZAPINE-PIVOTAL,Olanzapine-Pivotal,NO_ROB,
ANTIPSYCHOTICS_SCHIZO_REVIEW.html,LEGACY-RISPERIDONE-PIVOTAL,Risperidone-Pivotal,NO_ROB,
ANTIPSYCHOTICS_SCHIZO_REVIEW.html,LEGACY-QUETIAPINE-PIVOTAL,Quetiapine-Pivotal,NO_ROB,
ANTIPSYCHOTICS_SCHIZO_REVIEW.html,LEGACY-ARIPIPRAZOLE-PIVOTAL,Aripiprazole-Pivotal,NO_ROB,
ANTIPSYCHOTICS_SCHIZO_REVIEW.html,LEGACY-ZIPRASIDONE-PIVOTAL,Ziprasidone-Pivotal,NO_ROB,
ANTIPSYCHOTICS_SCHIZO_REVIEW.html,LEGACY-PALIPERIDONE-PIVOTAL,Paliperidone-Pivotal,NO_ROB,
ANTIPSYCHOTICS_SCHIZO_REVIEW.html,LEGACY-LURASIDONE-PIVOTAL,Lurasidone-Pivotal,NO_ROB,
ANTIPSYCHOTICS_SCHIZO_REVIEW.html,LEGACY-HALOPERIDOL-PIVOTAL,Haloperidol-Pivotal,NO_ROB,
ANTIVEGF_NAMD_NMA_REVIEW.html,NCT00509795,VIEW-1,NO_ROB,
ANTIVEGF_NAMD_NMA_REVIEW.html,NCT00637377,VIEW-2,NO_ROB,
ANTIVEGF_NAMD_NMA_REVIEW.html,NCT03823287,TENAYA,NO_ROB,
ANTIVEGF_NAMD_NMA_REVIEW.html,NCT03823300,LUCERNE,NO_ROB,
ANTIVEGF_NAMD_NMA_REVIEW.html,NCT04423718,PULSAR,NO_ROB,
ANTIVEGF_NAMD_NMA_REVIEW.html,NCT02307682,HAWK,NO_ROB,
ANTIVEGF_NAMD_NMA_REVIEW.html,NCT02434328,HARRIER,NO_ROB,
ANTIVEGF_NAMD_NMA_REVIEW.html,NCT00593450,CATT,NO_ROB,
ANTIVEGF_NAMD_NMA_REVIEW.html,NCT00056836,MARINA,NO_ROB,
ANTIVEGF_NAMD_NMA_REVIEW.html,NCT00061594,ANCHOR,NO_ROB,
ARPI_mHSPC_REVIEW.html,NCT02677896,ARCHES,NO_ROB,
ARPI_mHSPC_REVIEW.html,NCT02446405,ENZAMET,NO_ROB,
ARPI_mHSPC_REVIEW.html,NCT02489318,TITAN,NO_ROB,
ARPI_mHSPC_REVIEW.html,NCT02799602,ARASENS,NO_ROB,
ARPI_mHSPC_REVIEW.html,NCT01715285,LATITUDE,NO_ROB,
ARPI_NMCRPC_REVIEW.html,NCT01946204,SPARTAN,NO_ROB,
ARPI_NMCRPC_REVIEW.html,NCT02003924,PROSPER,NO_ROB,
ARPI_NMCRPC_REVIEW.html,NCT02200614,ARAMIS,NO_ROB,
ATOPIC_DERM_NMA_REVIEW.html,NCT02277743,SOLO-1-Dupi,NO_ROB,
ATOPIC_DERM_NMA_REVIEW.html,NCT03131648,ECZTRA-1,NO_ROB,
ATOPIC_DERM_NMA_REVIEW.html,NCT04146363,ADvocate1,NO_ROB,
ATOPIC_DERM_NMA_REVIEW.html,NCT03985943,ARCADIA-1,NO_ROB,
ATOPIC_DERM_NMA_REVIEW.html,NCT03349060,JADE-MONO-1,NO_ROB,
ATOPIC_DERM_NMA_REVIEW.html,NCT03569293,MeasureUp-1,NO_ROB,
ATOPIC_DERM_NMA_REVIEW.html,NCT03334396,BREEZE-AD1,NO_ROB,
ATTR_PN_REVIEW.html,NCT01960348,APOLLO,NO_ROB,
ATTR_PN_REVIEW.html,NCT03759379,HELIOS-A,NO_ROB,
ATTR_PN_REVIEW.html,NCT04136184,NEURO-TTRansform,NO_ROB,
AVACINCAPTAD_GA_REVIEW.html,NCT02686658,GATHER-1,NO_ROB,
AVACINCAPTAD_GA_REVIEW.html,NCT04435366,GATHER-2,NO_ROB,
AZITHROMYCIN_CHILD_MORTALITY_REVIEW.html,NCT02047981,MORDOR-I,NO_ROB,
AZITHROMYCIN_CHILD_MORTALITY_REVIEW.html,NCT02048007,MORDOR-II,NO_ROB,
AZITHROMYCIN_CHILD_MORTALITY_REVIEW.html,NCT04224987,AVENIR,NO_ROB,
BELIMUMAB_SLE_REVIEW.html,NCT00424476,BLISS-52,NO_ROB,
BELIMUMAB_SLE_REVIEW.html,NCT00410384,BLISS-76,NO_ROB,
BELIMUMAB_SLE_REVIEW.html,NCT01484496,BLISS-SC,NO_ROB,
BELIMUMAB_SLE_REVIEW.html,NCT01639339,BLISS-LN,NO_ROB,
BIMEKIZUMAB_PSORIASIS_REVIEW.html,NCT03370133,BE-VIVID,NO_ROB,
BIMEKIZUMAB_PSORIASIS_REVIEW.html,NCT03410992,BE-READY,NO_ROB,
BIMEKIZUMAB_PSORIASIS_REVIEW.html,NCT03412747,BE-SURE,NO_ROB,
BIOLOGIC_ASTHMA_REVIEW.html,NCT01691521,MENSA,NO_ROB,
BIOLOGIC_ASTHMA_REVIEW.html,NCT01914757,CALIMA,NO_ROB,
BIOLOGIC_ASTHMA_REVIEW.html,NCT02414854,QUEST,NO_ROB,
BIOLOGIC_ASTHMA_REVIEW.html,NCT03347279,NAVIGATOR,NO_ROB,
BPAL_MDRTB_REVIEW.html,NCT02589782,TB-PRACTECAL,NO_ROB,
BPAL_MDRTB_REVIEW.html,NCT02409290,STREAM-2,NO_ROB,
BPAL_MDRTB_REVIEW.html,NCT02754765,endTB-MDR,NO_ROB,
BTKI_CLL_NMA_REVIEW.html,NCT02475681,ELEVATE-TN,NO_ROB,
BTKI_CLL_NMA_REVIEW.html,NCT02477696,ELEVATE-RR,NO_ROB,
BTKI_CLL_NMA_REVIEW.html,NCT03734016,ALPINE,NO_ROB,
BTKI_CLL_NMA_REVIEW.html,NCT01722487,RESONATE-2,NO_ROB,
BTKI_CLL_NMA_REVIEW.html,NCT03336333,SEQUOIA,NO_ROB,
BTKI_CLL_NMA_REVIEW.html,NCT01578707,RESONATE,NO_ROB,
BTKI_CLL_NMA_REVIEW.html,NCT02970318,ASCEND,NO_ROB,
CAB_PREP_HIV_REVIEW.html,NCT02720094,HPTN 083,NO_ROB,
CAB_PREP_HIV_REVIEW.html,NCT03164564,HPTN 084,NO_ROB,
CABOTEGRAVIR_HIV_ART_REVIEW.html,NCT02951052,ATLAS,NO_ROB,
CABOTEGRAVIR_HIV_ART_REVIEW.html,NCT02938520,FLAIR,NO_ROB,
CABOTEGRAVIR_HIV_ART_REVIEW.html,NCT03299049,ATLAS-2M,NO_ROB,
CANGRELOR_PCI_REVIEW.html,NCT00305162,CHAMPION-PCI,NO_ROB,
CANGRELOR_PCI_REVIEW.html,NCT00385138,CHAMPION-PLATFORM,NO_ROB,
CANGRELOR_PCI_REVIEW.html,NCT01156571,CHAMPION-PHOENIX,NO_ROB,
CAPIVASERTIB_BC_REVIEW.html,NCT04305496,CAPItello-291,NO_ROB,
CARDIORENAL_DKD_NMA_REVIEW.html,NCT02540993,FIDELIO-DKD,NO_ROB,
CARDIORENAL_DKD_NMA_REVIEW.html,NCT02545049,FIGARO-DKD,NO_ROB,
CARDIORENAL_DKD_NMA_REVIEW.html,NCT02065791,CREDENCE,NO_ROB,
CARDIORENAL_DKD_NMA_REVIEW.html,NCT03036150,DAPA-CKD,NO_ROB,
CARDIORENAL_DKD_NMA_REVIEW.html,NCT03594110,EMPA-KIDNEY,NO_ROB,
CARDIORENAL_DKD_NMA_REVIEW.html,NCT03819153,FLOW,NO_ROB,
CART_DLBCL_REVIEW.html,NCT03391466,ZUMA-7,NO_ROB,
CART_DLBCL_REVIEW.html,NCT03575351,TRANSFORM,NO_ROB,
CART_DLBCL_REVIEW.html,NCT03570892,BELINDA,NO_ROB,
CART_MM_REVIEW.html,NCT04181827,CARTITUDE-4,NO_ROB,
CART_MM_REVIEW.html,NCT03651128,KarMMa-3,NO_ROB,
CBD_SEIZURE_REVIEW.html,NCT02091375,GWPCARE1,NO_ROB,
CBD_SEIZURE_REVIEW.html,NCT02224690,GWPCARE2,NO_ROB,
CBD_SEIZURE_REVIEW.html,NCT02224560,GWPCARE3,NO_ROB,
CBD_SEIZURE_REVIEW.html,NCT02224703,GWPCARE4,NO_ROB,
CD_BIOLOGICS_NMA_REVIEW.html,LEGACY-PRENCT-ACCENT-1,ACCENT-1,NO_ROB,
CD_BIOLOGICS_NMA_REVIEW.html,LEGACY-PRENCT-CLASSIC-1,CLASSIC-1,NO_ROB,
CD_BIOLOGICS_NMA_REVIEW.html,NCT00152490,PRECiSE-1,NO_ROB,
CD_BIOLOGICS_NMA_REVIEW.html,NCT01224171,GEMINI-2,NO_ROB,
CD_BIOLOGICS_NMA_REVIEW.html,NCT01369329,UNITI-1,NO_ROB,
CD_BIOLOGICS_NMA_REVIEW.html,NCT03105128,ADVANCE,NO_ROB,
CD_BIOLOGICS_NMA_REVIEW.html,NCT03345849,U-EXCEL,NO_ROB,
CDK46_MBC_REVIEW.html,NCT01740427,PALOMA-2,NO_ROB,
CDK46_MBC_REVIEW.html,NCT01958021,MONALEESA-2,NO_ROB,
CDK46_MBC_REVIEW.html,NCT02246621,MONARCH-3,NO_ROB,
CFTR_CF_REVIEW.html,NCT00909532,STRIVE-CF,NO_ROB,
CFTR_CF_REVIEW.html,NCT03525444,VX17-445-102,NO_ROB,
CFTR_CF_REVIEW.html,NCT03525548,VX17-445-103,NO_ROB,
CFTR_MODULATORS_NMA_REVIEW.html,NCT01807923,TRAFFIC,NO_ROB,
CFTR_MODULATORS_NMA_REVIEW.html,NCT02347657,EVOLVE,NO_ROB,
CFTR_MODULATORS_NMA_REVIEW.html,NCT03525444,VX18-445-102,NO_ROB,
CGRP_MIGRAINE_NMA_REVIEW.html,NCT02456740,STRIVE,NO_ROB,
CGRP_MIGRAINE_NMA_REVIEW.html,NCT02629861,HALO-EM,NO_ROB,
CGRP_MIGRAINE_NMA_REVIEW.html,NCT02614183,EVOLVE-1,NO_ROB,
CGRP_MIGRAINE_NMA_REVIEW.html,NCT02559895,PROMISE-1,NO_ROB,
CGRP_MIGRAINE_REVIEW.html,NCT02456740,STRIVE,NO_ROB,
CGRP_MIGRAINE_REVIEW.html,NCT02614183,EVOLVE-1,NO_ROB,
CGRP_MIGRAINE_REVIEW.html,NCT02629861,HALO-EM,NO_ROB,
CHOLERA_OCV_REVIEW.html,NCT02027207,Single-Dose Shanchol Bangladesh,NO_ROB,
COLCHICINE_CVD_REVIEW.html,NCT02551094,COLCOT,NO_ROB,
COLCHICINE_CVD_REVIEW.html,NCT03048825,CLEAR SYNERGY,NO_ROB,
COLCHICINE_CVD_REVIEW.html,NCT02898610,CONVINCE,NO_ROB,
COPD_TRIPLE_REVIEW.html,NCT02164513,IMPACT,NO_ROB,
COPD_TRIPLE_REVIEW.html,NCT02465567,ETHOS,NO_ROB,
COPD_TRIPLE_REVIEW.html,NCT02497001,KRONOS,NO_ROB,
COVID_ORAL_ANTIVIRALS_REVIEW.html,NCT04960202,EPIC-HR,NO_ROB,
COVID_ORAL_ANTIVIRALS_REVIEW.html,NCT04575597,MOVe-OUT,NO_ROB,
CRYPTOCOCCAL_MENINGITIS_AFRICA_REVIEW.html,LEGACY-ISRCTN-45035509-ACTA,ACTA (Molloy 2018),NO_ROB,
CRYPTOCOCCAL_MENINGITIS_AFRICA_REVIEW.html,LEGACY-ISRCTN-72509687-AMBITION-CM,AMBITION-cm (Jarvis 2022),NO_ROB,
CRYPTOCOCCAL_MENINGITIS_AFRICA_REVIEW.html,NCT01075152,COAT (ART timing in CM),NO_ROB,
DELANDISTROGENE_DMD_REVIEW.html,NCT05096221,EMBARK,NO_ROB,
DIABETIC_MACULAR_EDEMA_REVIEW.html,NCT01627249,Protocol T DRCR (Wells 2015),NO_ROB,
DIABETIC_MACULAR_EDEMA_REVIEW.html,NCT03622580,YOSEMITE (Wykoff 2022),NO_ROB,
DIABETIC_MACULAR_EDEMA_REVIEW.html,NCT03622593,RHINE (Wykoff 2022),NO_ROB,
DIABETIC_RETINOPATHY_REVIEW.html,NCT01489189,Protocol S DRCR (Gross 2015),NO_ROB,
DIABETIC_RETINOPATHY_REVIEW.html,NCT02718326,PANORAMA (Brown 2021),NO_ROB,
DIABETIC_RETINOPATHY_REVIEW.html,NCT02634333,Protocol W DRCR (Maturi 2021),NO_ROB,
DOAC_AF_NMA_REVIEW.html,NCT00262600,RE-LY,NO_ROB,
DOAC_AF_NMA_REVIEW.html,NCT00403767,ROCKET-AF,NO_ROB,
DOAC_AF_NMA_REVIEW.html,NCT00412984,ARISTOTLE,NO_ROB,
DOAC_AF_NMA_REVIEW.html,NCT00781391,ENGAGE-AF-TIMI-48,NO_ROB,
DOAC_AF_REVIEW.html,NCT00262600,RE-LY,NO_ROB,
DOAC_AF_REVIEW.html,NCT00403767,ROCKET-AF,NO_ROB,
DOAC_AF_REVIEW.html,NCT00412984,ARISTOTLE,NO_ROB,
DOAC_AF_REVIEW.html,NCT00781391,ENGAGE AF-TIMI 48,NO_ROB,
DOAC_VTE_NMA_REVIEW.html,NCT00291330,RE-COVER,NO_ROB,
DOAC_VTE_NMA_REVIEW.html,NCT00440193,EINSTEIN-DVT,NO_ROB,
DOAC_VTE_NMA_REVIEW.html,NCT00643201,AMPLIFY,NO_ROB,
DOAC_VTE_NMA_REVIEW.html,NCT00986154,HOKUSAI-VTE,NO_ROB,
DOLUTEGRAVIR_ART_SSA_REVIEW.html,NCT03122262,ADVANCE,NO_ROB,
DOLUTEGRAVIR_ART_SSA_REVIEW.html,NCT02777229,NAMSAL,NO_ROB,
DOLUTEGRAVIR_ART_SSA_REVIEW.html,NCT03048422,IMPAACT 2010,NO_ROB,
DONANEMAB_AD_SOLO_REVIEW.html,NCT04437511,TRAILBLAZER-ALZ 2,NO_ROB,
DORAVIRINE_HIV_REVIEW.html,NCT02403674,DRIVE-AHEAD,NO_ROB,
DORAVIRINE_HIV_REVIEW.html,NCT02275780,DRIVE-FORWARD,NO_ROB,
DORAVIRINE_HIV_REVIEW.html,NCT02397096,DRIVE-SHIFT,NO_ROB,
DUPILUMAB_AD_REVIEW.html,NCT02277743,SOLO-1,NO_ROB,
DUPILUMAB_AD_REVIEW.html,NCT02277769,SOLO-2,NO_ROB,
DUPILUMAB_AD_REVIEW.html,NCT02260986,CHRONOS,NO_ROB,
DUPILUMAB_COPD_REVIEW.html,NCT03930732,BOREAS,NO_ROB,
DUPILUMAB_COPD_REVIEW.html,NCT04456673,NOTUS,NO_ROB,
EBOLA_VACCINE_REVIEW.html,NCT02378753,STRIVE Sierra Leone (rVSV\u0394G-ZEBOV),NO_ROB,
EBOLA_VACCINE_REVIEW.html,LEGACY-PACTR-EBOLA-CI-RING,Ebola ça Suffit Guinea Ring (Henao-Restrepo 2017),NO_ROB,
EFGARTIGIMOD_MG_REVIEW.html,NCT03669588,ADAPT,NO_ROB,
ELACESTRANT_BC_REVIEW.html,NCT03778931,EMERALD,NO_ROB,
ENSIFENTRINE_COPD_REVIEW.html,NCT04535986,ENHANCE-1,NO_ROB,
ENSIFENTRINE_COPD_REVIEW.html,NCT04542057,ENHANCE-2,NO_ROB,
ESKETAMINE_TRD_REVIEW.html,NCT02418585,TRANSFORM-2,NO_ROB,
ESKETAMINE_TRD_REVIEW.html,NCT02422186,TRANSFORM-3,NO_ROB,
ETRASIMOD_UC_REVIEW.html,NCT03945188,ELEVATE UC 52,NO_ROB,
ETRASIMOD_UC_REVIEW.html,NCT03996369,ELEVATE UC 12,NO_ROB,
EVT_BASILAR_REVIEW.html,NCT04751708,ATTENTION,NO_ROB,
EVT_BASILAR_REVIEW.html,NCT02737189,BAOCHE,NO_ROB,
EVT_BASILAR_REVIEW.html,NCT01717755,BASICS,NO_ROB,
EVT_EXTENDED_WINDOW_REVIEW.html,NCT02142283,DAWN,NO_ROB,
EVT_EXTENDED_WINDOW_REVIEW.html,NCT02586415,DEFUSE 3,NO_ROB,
EVT_EXTENDED_WINDOW_REVIEW.html,NCT03098355,MR CLEAN-LATE,NO_ROB,
EVT_LARGECORE_REVIEW.html,NCT03702413,RESCUE-Japan LIMIT,NO_ROB,
EVT_LARGECORE_REVIEW.html,NCT04551664,ANGEL-ASPECT,NO_ROB,
EVT_LARGECORE_REVIEW.html,NCT03876457,SELECT2,NO_ROB,
EVT_LARGECORE_REVIEW.html,NCT03094715,TENSION,NO_ROB,
EVT_LARGECORE_REVIEW.html,NCT03811769,LASTE,NO_ROB,
EVT_LARGECORE_REVIEW.html,NCT03805308,TESLA,NO_ROB,
FARICIMAB_NAMD_REVIEW.html,NCT03823287,TENAYA,NO_ROB,
FARICIMAB_NAMD_REVIEW.html,NCT03823300,LUCERNE,NO_ROB,
FENFLURAMINE_SEIZURE_REVIEW.html,NCT02682927,Study 1 (Dravet),NO_ROB,
FENFLURAMINE_SEIZURE_REVIEW.html,NCT02926898,Study 2 (Dravet+stiripentol),NO_ROB,
FENFLURAMINE_SEIZURE_REVIEW.html,NCT03355209,LGS Study 1,NO_ROB,
FEZOLINETANT_VMS_REVIEW.html,NCT04003155,SKYLIGHT-1,NO_ROB,
FEZOLINETANT_VMS_REVIEW.html,NCT04003142,SKYLIGHT-2,NO_ROB,
FINERENONE_REVIEW.html,NCT01874431,ARTS-DN,VARIED,"'low', 'low', 'some', 'low', 'low'"
FINERENONE_REVIEW.html,NCT02540993,FIDELIO-DKD,NO_ROB,
FINERENONE_REVIEW.html,NCT02545049,FIGARO-DKD,NO_ROB,
FINERENONE_REVIEW.html,NCT04435626,FINEARTS-HF,NO_ROB,
FRAGILITY_FRACTURE_REVIEW.html,NCT01631214,ARCH,NO_ROB,
FRAGILITY_FRACTURE_REVIEW.html,NCT01575834,FRAME,NO_ROB,
FRAGILITY_FRACTURE_REVIEW.html,NCT00321620,ACTIVE,NO_ROB,
FRAGILITY_FRACTURE_REVIEW.html,NCT00089791,FREEDOM,NO_ROB,
FRAGILITY_FRACTURE_REVIEW.html,LEGACY-VERT-1999,VERT,NO_ROB,
GLP1_CVOT_NMA_REVIEW.html,NCT01179048,LEADER,NO_ROB,
GLP1_CVOT_NMA_REVIEW.html,NCT01720446,SUSTAIN-6,NO_ROB,
GLP1_CVOT_NMA_REVIEW.html,NCT01394952,REWIND,NO_ROB,
GLP1_CVOT_NMA_REVIEW.html,NCT02692716,PIONEER-6,NO_ROB,
GLP1_CVOT_NMA_REVIEW.html,NCT01147250,ELIXA,NO_ROB,
GLP1_CVOT_NMA_REVIEW.html,NCT02465515,HARMONY-Outcomes,NO_ROB,
GLP1_CVOT_NMA_REVIEW.html,NCT01144338,EXSCEL,NO_ROB,
GLP1_CVOT_NMA_REVIEW.html,NCT03496298,AMPLITUDE-O,NO_ROB,
GLP1_CVOT_REVIEW.html,NCT01147250,ELIXA,NO_ROB,
GLP1_CVOT_REVIEW.html,NCT01179048,LEADER,NO_ROB,
GLP1_CVOT_REVIEW.html,NCT01720446,SUSTAIN-6,NO_ROB,
GLP1_CVOT_REVIEW.html,NCT01144338,EXSCEL,NO_ROB,
GLP1_CVOT_REVIEW.html,NCT02465515,Harmony,NO_ROB,
GLP1_CVOT_REVIEW.html,NCT01394952,REWIND,NO_ROB,
GLP1_CVOT_REVIEW.html,NCT02692716,PIONEER-6,NO_ROB,
GLP1_CVOT_REVIEW.html,NCT03574597,SELECT,NO_ROB,
GLP1_CVOT_REVIEW.html,NCT03496298,AMPLITUDE-O,NO_ROB,
GLP1_CVOT_REVIEW.html,NCT03914326,SOUL,NO_ROB,
GLP1_CVOT_REVIEW.html,NCT03914728,SOUL,NO_ROB,
GLP1_MASH_REVIEW.html,NCT04822181,ESSENCE,NO_ROB,
GLP1_MASH_REVIEW.html,NCT04166773,SYNERGY-NASH,NO_ROB,
GLP1_MASH_REVIEW.html,NCT02970942,Newsome NAFLD,NO_ROB,
HCC_1L_REVIEW.html,NCT03434379,IMbrave150,NO_ROB,
HCC_1L_REVIEW.html,NCT03298451,HIMALAYA,NO_ROB,
HCC_1L_REVIEW.html,NCT04039607,CheckMate 9DW,NO_ROB,
HCC_1L_REVIEW.html,NCT03713593,LEAP-002,NO_ROB,
HEMOPHILIA_GENE_THERAPY_REVIEW.html,NCT03370913,GENEr8-1 (Ozelo 2022),NO_ROB,
HEMOPHILIA_GENE_THERAPY_REVIEW.html,NCT03569891,HOPE-B (Pipe 2023),NO_ROB,
HEMOPHILIA_GENE_THERAPY_REVIEW.html,NCT04370054,"AFFINE (giroctocogene fitelparvovec, 2024)",NO_ROB,
HEPATITIS_B_TAF_TDF_REVIEW.html,NCT01940341,"GS-US-320-0108 (TAF vs TDF, HBeAg-negative)",NO_ROB,
HEPATITIS_B_TAF_TDF_REVIEW.html,NCT01940471,"GS-US-320-0110 (TAF vs TDF, HBeAg-positive)",NO_ROB,
HEPATITIS_HCV_DAA_REVIEW.html,NCT02201940,ASTRAL-1,NO_ROB,
HEPATITIS_HCV_DAA_REVIEW.html,NCT02201953,ASTRAL-3,NO_ROB,
HEPATITIS_HCV_DAA_REVIEW.html,NCT02642432,EXPEDITION-1,NO_ROB,
HER2_LOW_ADC_REVIEW.html,NCT03734029,DESTINY-Breast04,NO_ROB,
HER2_LOW_ADC_REVIEW.html,NCT04494425,DESTINY-Breast06,NO_ROB,
HER2_LOW_ADC_REVIEW.html,NCT03901339,TROPiCS-02,NO_ROB,
HER2_LOW_ADC_REVIEW.html,NCT05374512,TROPION-Breast01,NO_ROB,
HF_QUADRUPLE_NMA_REVIEW.html,NCT03036124,DAPA-HF,NO_ROB,
HF_QUADRUPLE_NMA_REVIEW.html,NCT03057977,EMPEROR-Reduced,NO_ROB,
HF_QUADRUPLE_NMA_REVIEW.html,NCT03619213,DELIVER,NO_ROB,
HF_QUADRUPLE_NMA_REVIEW.html,NCT03057951,EMPEROR-Preserved,NO_ROB,
HF_QUADRUPLE_NMA_REVIEW.html,NCT01035255,PARADIGM-HF,NO_ROB,
HF_QUADRUPLE_NMA_REVIEW.html,NCT04435626,FINEARTS-HF,NO_ROB,
HIDRADENITIS_SUPPURATIVA_REVIEW.html,NCT01468207,PIONEER I (Kimball 2016),NO_ROB,
HIDRADENITIS_SUPPURATIVA_REVIEW.html,NCT01468233,PIONEER II (Kimball 2016),NO_ROB,
HIDRADENITIS_SUPPURATIVA_REVIEW.html,NCT04242446,BE HEARD I (Kimball 2024),NO_ROB,
HIFPH_CKD_ANEMIA_REVIEW.html,NCT02879305,ASCEND-D,NO_ROB,
HIFPH_CKD_ANEMIA_REVIEW.html,NCT02876835,ASCEND-ND,NO_ROB,
HIFPH_CKD_ANEMIA_REVIEW.html,NCT02648347,PRO2TECT,NO_ROB,
HIFPH_CKD_ANEMIA_REVIEW.html,NCT02892149,INNO2VATE,NO_ROB,
HIFPH_CKD_ANEMIA_REVIEW.html,NCT02052310,HIMALAYAS,NO_ROB,
HIGH_EFFICACY_MS_REVIEW.html,NCT01247324,OPERA-I,NO_ROB,
HIGH_EFFICACY_MS_REVIEW.html,NCT01412333,OPERA-II,NO_ROB,
HIGH_EFFICACY_MS_REVIEW.html,NCT02792218,ASCLEPIOS-I,NO_ROB,
HIGH_EFFICACY_MS_REVIEW.html,NCT02792231,ASCLEPIOS-II,NO_ROB,
HIV_ART_FIRSTLINE_REVIEW.html,NCT03122262,ADVANCE DTG/TAF,NO_ROB,
HIV_ART_FIRSTLINE_REVIEW.html,NCT03122262_TDF,ADVANCE DTG/TDF,NO_ROB,
HIV_ART_TIMING_REVIEW.html,NCT00867048,START (INSIGHT 2015),NO_ROB,
HIV_ART_TIMING_REVIEW.html,NCT00495651,TEMPRANO (ANRS 12136),NO_ROB,
HIV_ART_TIMING_REVIEW.html,NCT00074581,HPTN 052 (Cohen 2011/2016),NO_ROB,
HIV_LA_PREP_REVIEW.html,NCT02720094,HPTN 083,NO_ROB,
HIV_LA_PREP_REVIEW.html,NCT03164564,HPTN 084,NO_ROB,
HIV_LA_PREP_REVIEW.html,NCT04994509,PURPOSE-1,NO_ROB,
HIV_LA_PREP_REVIEW.html,NCT04925752,PURPOSE-2,NO_ROB,
HIV_PREP_INJECTABLE_REVIEW.html,NCT02720094,HPTN 083,NO_ROB,
HIV_PREP_INJECTABLE_REVIEW.html,NCT03164564,HPTN 084,NO_ROB,
HIV_PREP_INJECTABLE_REVIEW.html,NCT02842086,DISCOVER (F/TAF vs F/TDF),NO_ROB,
HIV_TB_COINFECTION_ART_TIMING_REVIEW.html,NCT00091936,SAPiT (Karim 2010+2011),NO_ROB,
HIV_TB_COINFECTION_ART_TIMING_REVIEW.html,NCT00108862,STRIDE / ACTG A5221 (Havlir 2011),NO_ROB,
HIV_TB_COINFECTION_ART_TIMING_REVIEW.html,NCT00226434,CAMELIA (Blanc 2011),NO_ROB,
HPV_DOSE_REDUCTION_REVIEW.html,NCT03675256,KEN-SHE bivalent,NO_ROB,
HPV_DOSE_REDUCTION_REVIEW.html,NCT03675256_NONAV,KEN-SHE nonavalent,NO_ROB,
HPV_DOSE_REDUCTION_REVIEW.html,NCT02834637,DoRIS 1d-vs-3d bivalent,NO_ROB,
HPV_VACCINE_SCHEDULES_REVIEW.html,NCT00122681,PATRICIA Cervarix 3-dose,NO_ROB,
HPV_VACCINE_SCHEDULES_REVIEW.html,NCT00092534,FUTURE II Gardasil-4 3-dose,NO_ROB,
HPV_VACCINE_SCHEDULES_REVIEW.html,NCT03675256,KEN SHE single-dose (Barnabas 2022),NO_ROB,
HYDROCORTISONE_SEPTIC_SHOCK_REVIEW.html,NCT01448109,ADRENAL (Venkatesh 2018),NO_ROB,
HYDROCORTISONE_SEPTIC_SHOCK_REVIEW.html,NCT00625209,APROCCHSS (Annane 2018),NO_ROB,
HYDROCORTISONE_SEPTIC_SHOCK_REVIEW.html,NCT00670254,HYPRESS (Keh 2016),NO_ROB,
ICU_SEDATION_REVIEW.html,NCT01728558,SPICE-III (Shehabi 2019),NO_ROB,
ICU_SEDATION_REVIEW.html,NCT00466492,Strom 2010 no-sedation,NO_ROB,
ICU_SEDATION_REVIEW.html,NCT03653832,A2B Trial (Lewis 2025),NO_ROB,
IL23_PSA_REVIEW.html,NCT03675308,KEEPsAKE-1,NO_ROB,
IL23_PSA_REVIEW.html,NCT03671148,KEEPsAKE-2,NO_ROB,
IL23_PSA_REVIEW.html,NCT03162796,DISCOVER-1,NO_ROB,
IL23_PSA_REVIEW.html,NCT03158285,DISCOVER-2,NO_ROB,
IL23_PSORIASIS_REVIEW.html,NCT02207231,VOYAGE 1,NO_ROB,
IL23_PSORIASIS_REVIEW.html,NCT02684370,UltIMMa-1,NO_ROB,
IL23_PSORIASIS_REVIEW.html,NCT01722331,reSURFACE 1,NO_ROB,
IL_PSORIASIS_NMA_REVIEW.html,NCT02207231,VOYAGE 1,NO_ROB,
IL_PSORIASIS_NMA_REVIEW.html,NCT02684370,UltIMMa-1,NO_ROB,
IL_PSORIASIS_NMA_REVIEW.html,NCT01474512,UNCOVER-1,NO_ROB,
IL_PSORIASIS_NMA_REVIEW.html,NCT01597245,UNCOVER-2,NO_ROB,
IL_PSORIASIS_NMA_REVIEW.html,NCT01646177,UNCOVER-3,NO_ROB,
IL_PSORIASIS_NMA_REVIEW.html,NCT01365455,ERASURE,NO_ROB,
IL_PSORIASIS_NMA_REVIEW.html,NCT01358578,FIXTURE,NO_ROB,
IL_PSORIASIS_NMA_REVIEW.html,NCT03536884,BE RADIANT,NO_ROB,
IL_PSORIASIS_NMA_REVIEW.html,NCT03370133,BE VIVID,NO_ROB,
IL_PSORIASIS_NMA_REVIEW.html,NCT03412747,BE SURE,NO_ROB,
IL_PSORIASIS_NMA_REVIEW.html,NCT02207244,VOYAGE 2,NO_ROB,
IL_PSORIASIS_NMA_REVIEW.html,NCT02684357,UltIMMa-2,NO_ROB,
IL_PSORIASIS_NMA_REVIEW.html,NCT01708590,AMAGINE-1,NO_ROB,
IL_PSORIASIS_NMA_REVIEW.html,NCT01722331,reSURFACE-1,NO_ROB,
IL_PSORIASIS_NMA_REVIEW.html,NCT01729754,reSURFACE-2,NO_ROB,
IL_PSORIASIS_NMA_REVIEW.html,NCT01708603,AMAGINE-2,NO_ROB,
IL_PSORIASIS_NMA_REVIEW.html,NCT02074982,CLEAR,NO_ROB,
IL_PSORIASIS_NMA_REVIEW.html,NCT03410992,BE READY,NO_ROB,
INAVOLISIB_BC_REVIEW.html,NCT04191499,INAVO120,NO_ROB,
INCLISIRAN_REVIEW.html,NCT03397121,ORION-9,NO_ROB,
INCLISIRAN_REVIEW.html,NCT03399370,ORION-10,NO_ROB,
INCLISIRAN_REVIEW.html,NCT03400800,ORION-11,NO_ROB,
INCRETINS_T2D_NMA_REVIEW.html,NCT03954834,SURPASS-1,NO_ROB,
INCRETINS_T2D_NMA_REVIEW.html,NCT03987919,SURPASS-2,NO_ROB,
INCRETINS_T2D_NMA_REVIEW.html,NCT02054897,SUSTAIN-1,NO_ROB,
INCRETINS_T2D_NMA_REVIEW.html,NCT01885208,SUSTAIN-3,NO_ROB,
INCRETINS_T2D_NMA_REVIEW.html,NCT02648204,SUSTAIN-7,NO_ROB,
INCRETINS_T2D_NMA_REVIEW.html,NCT00518882,LEAD-6,NO_ROB,
INCRETINS_T2D_NMA_REVIEW.html,NCT01624259,AWARD-6,NO_ROB,
INCRETINS_T2D_NMA_REVIEW.html,NCT00318461,LEAD-2,NO_ROB,
INCRETINS_T2D_NMA_REVIEW.html,NCT01720446,SUSTAIN-6,NO_ROB,
INCRETINS_T2D_NMA_REVIEW.html,NCT01144338,EXSCEL,NO_ROB,
INCRETINS_T2D_NMA_REVIEW.html,NCT02863419,PIONEER-4,NO_ROB,
INCRETINS_T2D_NMA_REVIEW.html,NCT02607865,PIONEER-3,NO_ROB,
INCRETINS_T2D_NMA_REVIEW.html,NCT01930188,SUSTAIN-2,NO_ROB,
INCRETINS_T2D_NMA_REVIEW.html,NCT03882970,SURPASS-3,NO_ROB,
INCRETINS_T2D_NMA_REVIEW.html,NCT03730662,SURPASS-4,NO_ROB,
INCRETINS_T2D_NMA_REVIEW.html,NCT04039503,SURPASS-5,NO_ROB,
INCRETINS_T2D_NMA_REVIEW.html,NCT04537923,SURPASS-6,NO_ROB,
INSULIN_ICODEC_REVIEW.html,NCT04460885,ONWARDS-1,NO_ROB,
INSULIN_ICODEC_REVIEW.html,NCT04770532,ONWARDS-2,NO_ROB,
INSULIN_ICODEC_REVIEW.html,NCT04795531,ONWARDS-3,NO_ROB,
INTENSIVE_BP_REVIEW.html,NCT01206062_SENIOR,SPRINT-SENIOR,NO_ROB,
INTENSIVE_BP_REVIEW.html,NCT01206062_CKD,SPRINT-CKD,NO_ROB,
INTENSIVE_BP_REVIEW.html,NCT00000620,ACCORD-BP,NO_ROB,
INTENSIVE_BP_REVIEW.html,NCT03015311,STEP,NO_ROB,
INTENSIVE_BP_REVIEW.html,NCT00059306,SPS3-BP,NO_ROB,
IO_CHEMO_NSCLC_1L_REVIEW.html,NCT02578680,KEYNOTE-189,NO_ROB,
IO_CHEMO_NSCLC_1L_REVIEW.html,NCT02775435,KEYNOTE-407,NO_ROB,
IO_CHEMO_NSCLC_1L_REVIEW.html,NCT02366143,IMpower150,NO_ROB,
IO_CHEMO_NSCLC_1L_REVIEW.html,NCT03164616,POSEIDON,NO_ROB,
IPTACOPAN_IGAN_REVIEW.html,NCT04578834,APPLAUSE-IgAN,NO_ROB,
JAK_RA_REVIEW.html,NCT01710358,RA-BEAM,NO_ROB,
JAK_RA_REVIEW.html,NCT02675426,SELECT-NEXT,NO_ROB,
JAK_RA_REVIEW.html,NCT02889796,FINCH-1,NO_ROB,
JAK_UC_REVIEW.html,NCT01465763,OCTAVE Induction 1,NO_ROB,
JAK_UC_REVIEW.html,NCT02819635,U-ACHIEVE Induction,NO_ROB,
JAK_UC_REVIEW.html,NCT02914522,SELECTION Induction A,NO_ROB,
JAKI_AD_REVIEW.html,NCT03349060,JADE MONO-1,NO_ROB,
JAKI_AD_REVIEW.html,NCT03575871,JADE MONO-2,NO_ROB,
JAKI_AD_REVIEW.html,NCT03569293,MEASURE-UP 1,NO_ROB,
JAKI_AD_REVIEW.html,NCT03607422,MEASURE-UP 2,NO_ROB,
JAKI_RA_NMA_REVIEW.html,NCT00853385,ORAL-Standard,NO_ROB,
JAKI_RA_NMA_REVIEW.html,NCT01710358,RA-BEAM,NO_ROB,
JAKI_RA_NMA_REVIEW.html,NCT02629159,SELECT-Compare,NO_ROB,
JAKI_RA_NMA_REVIEW.html,NCT02889796,FINCH-1,NO_ROB,
JAKI_RA_NMA_REVIEW.html,NCT02889796B,FINCH-1 (Ada arm),NO_ROB,
KARXT_SCZ_REVIEW.html,NCT04659161,EMERGENT-2,NO_ROB,
KARXT_SCZ_REVIEW.html,NCT04738123,EMERGENT-3,NO_ROB,
KRAS_G12C_REVIEW.html,NCT04303780,CodeBreaK 200,NO_ROB,
KRAS_G12C_REVIEW.html,NCT04685135,KRYSTAL-12,NO_ROB,
LEBRIKIZUMAB_AD_REVIEW.html,NCT04146363,ADvocate1,NO_ROB,
LEBRIKIZUMAB_AD_REVIEW.html,NCT04178967,ADvocate2,NO_ROB,
LEBRIKIZUMAB_AD_REVIEW.html,NCT04250337,ADhere,NO_ROB,
LENACAPAVIR_PREP_REVIEW.html,NCT04994509,PURPOSE-1,NO_ROB,
LENACAPAVIR_PREP_REVIEW.html,NCT04925752,PURPOSE-2,NO_ROB,
LIPID_HUB_REVIEW.html,NCT01492361,REDUCE-IT,NO_ROB,
LIPID_HUB_REVIEW.html,NCT02104817,STRENGTH,NO_ROB,
LIPID_HUB_REVIEW.html,NCT01169259,VITAL,NO_ROB,
LIPID_HUB_REVIEW.html,NCT01841944,OMEMI,NO_ROB,
LIPID_HUB_REVIEW.html,NCT02944682,RESPECT-EPA,NO_ROB,
LU_PSMA_MCRPC_REVIEW.html,NCT03511664,VISION,NO_ROB,
LU_PSMA_MCRPC_REVIEW.html,NCT04689828,PSMAfore,NO_ROB,
MALARIA_ACT_REVIEW.html,NCT01704508,Bandim AL-vs-DP,NO_ROB,
MALARIA_ACT_REVIEW.html,NCT06076213,TES2022 DRC,NO_ROB,
MALARIA_ACT_REVIEW.html,NCT04565184,Yaounde TES Cameroon,NO_ROB,
MALARIA_ACT_REVIEW.html,NCT05192265,Nigeria PA-vs-AL,NO_ROB,
MALARIA_ACT_REVIEW.html,NCT04767191,Siaya-Bungoma TES Kenya,NO_ROB,
MALARIA_VACCINE_REVIEW.html,NCT00866619,"RTS,S/AS01 Phase 3",NO_ROB,
MALARIA_VACCINE_REVIEW.html,NCT03896724,R21/Matrix-M Phase 2b (Datoo 2021),NO_ROB,
MALARIA_VACCINE_REVIEW.html,NCT04704830,R21/Matrix-M Phase 3 (Datoo 2024),NO_ROB,
MALARIA_VACCINES_REVIEW.html,NCT00866619,"RTS,S Phase 3",NO_ROB,
MALARIA_VACCINES_REVIEW.html,NCT03896724,R21 Phase 2b,NO_ROB,
MALARIA_VACCINES_REVIEW.html,NCT04704830,R21 Phase 3,NO_ROB,
MDR_TB_SHORTENED_REVIEW.html,NCT02589782,TB-PRACTECAL (BPaLM vs SOC),NO_ROB,
MDR_TB_SHORTENED_REVIEW.html,NCT02333799,Nix-TB (BPaL single-arm XDR-TB),NO_ROB,
MDR_TB_SHORTENED_REVIEW.html,NCT03086486,ZeNix (BPaL dose-finding),NO_ROB,
MDRTB_BPAL_REVIEW.html,NCT02333799,Nix-TB,NO_ROB,
MDRTB_BPAL_REVIEW.html,NCT03086486,ZeNix,NO_ROB,
MDRTB_BPAL_REVIEW.html,NCT02589782,TB-PRACTECAL,NO_ROB,
MEDITERRANEAN_DIET_CV_REVIEW.html,LEGACY-ISRCTN-35739639-PREDIMED,PREDIMED (Estruch 2018 reanalysis),NO_ROB,
MEDITERRANEAN_DIET_CV_REVIEW.html,NCT00924937,CORDIOPREV (Delgado-Lista 2022),NO_ROB,
MEDITERRANEAN_DIET_CV_REVIEW.html,LEGACY-ISRCTN-89898870-PREDIMEDPLUS,PREDIMED-Plus (Salas-Salvado 2024),NO_ROB,
MENTAL_HEALTH_FRIENDSHIP_BENCH_REVIEW.html,LEGACY-PACTR-FRIENDSHIP-BENCH,Friendship Bench Zimbabwe,NO_ROB,
MHEALTH_ART_ADHERENCE_REVIEW.html,NCT00830622,WelTel Kenya 1,NO_ROB,
MIGRAINE_ACUTE_REVIEW.html,NCT03461757,ACHIEVE I,NO_ROB,
MIGRAINE_ACUTE_REVIEW.html,NCT03235479,ACHIEVE II,NO_ROB,
MIGRAINE_ACUTE_REVIEW.html,NCT02867709,SAMURAI,NO_ROB,
MIGRAINE_ACUTE_REVIEW.html,NCT03872453,Rimegepant Study 303,NO_ROB,
MIRIKIZUMAB_UC_REVIEW.html,NCT03518086,LUCENT-1,NO_ROB,
MIRIKIZUMAB_UC_REVIEW.html,NCT03524092,LUCENT-2,NO_ROB,
MIRVETUXIMAB_OVARIAN_REVIEW.html,NCT04209855,MIRASOL,NO_ROB,
MITAPIVAT_THALASSEMIA_REVIEW.html,NCT04770753,ENERGIZE,NO_ROB,
MITRAL_FUNCMR_REVIEW.html,NCT01626079,COAPT,NO_ROB,
MITRAL_FUNCMR_REVIEW.html,NCT01920698,MITRA-FR,NO_ROB,
MITRAL_FUNCMR_REVIEW.html,NCT02444338,RESHAPE-HF2,NO_ROB,
MM_1L_REVIEW.html,NCT02252172,MAIA,NO_ROB,
MM_1L_REVIEW.html,NCT02195479,ALCYONE,NO_ROB,
MM_1L_REVIEW.html,NCT02541383,CASSIOPEIA,NO_ROB,
MM_1L_REVIEW.html,NCT03319667,IMROZ,NO_ROB,
NEOADJUVANT_IO_NSCLC_REVIEW.html,NCT02998528,CheckMate-816,NO_ROB,
NEOADJUVANT_IO_NSCLC_REVIEW.html,NCT03425643,KEYNOTE-671,NO_ROB,
NEOADJUVANT_IO_NSCLC_REVIEW.html,NCT03800134,AEGEAN,NO_ROB,
NIRSEVIMAB_INFANT_RSV_REVIEW.html,NCT02878330,Nirsevimab Phase 2b,NO_ROB,
NIRSEVIMAB_INFANT_RSV_REVIEW.html,NCT03979313,MELODY,NO_ROB,
NIRSEVIMAB_INFANT_RSV_REVIEW.html,NCT05437510,HARMONIE,NO_ROB,
OBESITY_DRUGS_REVIEW.html,NCT04184622,SURMOUNT-1,NO_ROB,
OBESITY_DRUGS_REVIEW.html,NCT03548935,STEP 1,NO_ROB,
OBESITY_DRUGS_REVIEW.html,NCT01272219,SCALE Obesity,NO_ROB,
OSIMERTINIB_EGFR_NSCLC_REVIEW.html,NCT02151981,AURA3,NO_ROB,
OSIMERTINIB_EGFR_NSCLC_REVIEW.html,NCT02296125,FLAURA,NO_ROB,
OSIMERTINIB_EGFR_NSCLC_REVIEW.html,NCT02511106,ADAURA,NO_ROB,
OSIMERTINIB_EGFR_NSCLC_REVIEW.html,NCT04035486,FLAURA2,NO_ROB,
PAH_THERAPY_REVIEW.html,NCT04576988,STELLAR,NO_ROB,
PAH_THERAPY_REVIEW.html,NCT01106014,GRIPHON,NO_ROB,
PAH_THERAPY_REVIEW.html,NCT00810693,PATENT-1,NO_ROB,
PAH_THERAPY_REVIEW.html,NCT00660179,SERAPHIN,NO_ROB,
PARP_ARPI_MCRPC_REVIEW.html,NCT03732820,PROpel,NO_ROB,
PARP_ARPI_MCRPC_REVIEW.html,NCT03748641,MAGNITUDE,NO_ROB,
PARP_ARPI_MCRPC_REVIEW.html,NCT03395197,TALAPRO-2,NO_ROB,
PARP_OVARIAN_REVIEW.html,NCT01844986,SOLO-1,NO_ROB,
PARP_OVARIAN_REVIEW.html,NCT02477644,PAOLA-1,NO_ROB,
PARP_OVARIAN_REVIEW.html,NCT02655016,PRIMA,NO_ROB,
PATISIRAN_POLYNEUROPATHY_REVIEW.html,NCT01960348,APOLLO,NO_ROB,
PATISIRAN_POLYNEUROPATHY_REVIEW.html,NCT03759379,HELIOS-A,NO_ROB,
PBC_PPAR_REVIEW.html,NCT04526665,ELATIVE,NO_ROB,
PBC_PPAR_REVIEW.html,NCT04620733,RESPONSE,NO_ROB,
PCSK9_LIPID_NMA_REVIEW.html,NCT00202878,IMPROVE-IT,NO_ROB,
PCSK9_LIPID_NMA_REVIEW.html,NCT01764633,FOURIER,NO_ROB,
PCSK9_LIPID_NMA_REVIEW.html,NCT01663402,ODYSSEY-OUTCOMES,NO_ROB,
PCSK9_LIPID_NMA_REVIEW.html,NCT02993406,CLEAR-OUTCOMES,NO_ROB,
PEDIATRIC_HIV_ART_REVIEW.html,NCT02259127,"ODYSSEY (DTG vs SOC, paeds)",NO_ROB,
PEDIATRIC_HIV_ART_REVIEW.html,LEGACY-ISRCTN-69078957-CHAPAS-3,CHAPAS-3 (NRTI backbone in paeds),NO_ROB,
PEDIATRIC_HIV_ART_REVIEW.html,LEGACY-ISRCTN-24791884-ARROW,ARROW (clinical vs lab monitoring),NO_ROB,
PEGCETACOPLAN_GA_REVIEW.html,NCT03525613,OAKS-PM,NO_ROB,
PEGCETACOPLAN_GA_REVIEW.html,NCT03525600,DERBY-PM,NO_ROB,
PEGCETACOPLAN_GA_REVIEW.html,NCT03525613_PEOM,OAKS-PEOM,NO_ROB,
PEGCETACOPLAN_GA_REVIEW.html,NCT03525600_PEOM,DERBY-PEOM,NO_ROB,
PHYSICAL_REHAB_OLDER_REVIEW.html,NCT02196038,REHAB-HF (Kitzman 2021),NO_ROB,
PHYSICAL_REHAB_OLDER_REVIEW.html,NCT01072500,LIFE (Pahor 2014),NO_ROB,
PHYSICAL_REHAB_OLDER_REVIEW.html,NCT00871715,ICARE (Winstein 2016),NO_ROB,
PI3K_AKT_BC_REVIEW.html,NCT02437318,SOLAR-1,NO_ROB,
PI3K_AKT_BC_REVIEW.html,NCT04305496,CAPItello-291,NO_ROB,
PI3K_AKT_BC_REVIEW.html,NCT04191499,INAVO120,NO_ROB,
PNEUMONIA_AMOXICILLIN_DURATION_REVIEW.html,LEGACY-ISRCTN-76888927-CAP-IT,CAP-IT (Bielicki 2021),NO_ROB,
POLYCYTHEMIA_VERA_REVIEW.html,NCT01243944,RESPONSE (Vannucchi 2015),NO_ROB,
POLYCYTHEMIA_VERA_REVIEW.html,NCT02038036,RESPONSE-2 (Passamonti 2017),NO_ROB,
POLYCYTHEMIA_VERA_REVIEW.html,NCT01949805,PROUD-PV (Gisslinger 2020),NO_ROB,
POSTPARTUM_HEMORRHAGE_REVIEW.html,NCT04341662,E-MOTIVE (PPH bundle),NO_ROB,
POSTPARTUM_HEMORRHAGE_REVIEW.html,LEGACY-ISRCTN-76912190-WOMAN,WOMAN trial (TXA for PPH),NO_ROB,
POSTPARTUM_HEMORRHAGE_REVIEW.html,LEGACY-ISRCTN-95444399-CHAMPION,CHAMPION (heat-stable carbetocin),NO_ROB,
PPH_BUNDLE_REVIEW.html,NCT00872469,WOMAN,NO_ROB,
PPH_BUNDLE_REVIEW.html,NCT03475342,WOMAN-2,NO_ROB,
PPH_BUNDLE_REVIEW.html,NCT04341662,E-MOTIVE,NO_ROB,
PREGNANCY_HIV_VESTED_REVIEW.html,NCT03048422,IMPAACT 2010 / VESTED,NO_ROB,
PREGNANCY_IRON_FCM_REVIEW.html,LEGACY-ANZCTR-12618001268235-FCM,Pasricha 2023 Malawi (FCM vs oral iron),NO_ROB,
PRIMAQUINE_GAMETOCYTE_DR_REVIEW.html,NCT01365598,Eziefula 2014 Uganda,NO_ROB,
PRIMAQUINE_GAMETOCYTE_DR_REVIEW.html,NCT02174900,SAFEPRIM Burkina Faso,NO_ROB,
PSA_BIOLOGICS_REVIEW.html,NCT01695239,SPIRIT-P1,NO_ROB,
PSA_BIOLOGICS_REVIEW.html,NCT03158285,DISCOVER-2,NO_ROB,
PSA_BIOLOGICS_REVIEW.html,NCT03895203,BE OPTIMAL,NO_ROB,
PSA_BIOLOGICS_REVIEW.html,NCT03104400,SELECT-PsA 1,NO_ROB,
RCC_1L_REVIEW.html,NCT03141177,CheckMate 9ER,NO_ROB,
RCC_1L_REVIEW.html,NCT02853331,KEYNOTE-426,NO_ROB,
RCC_1L_REVIEW.html,NCT02811861,CLEAR,NO_ROB,
RCC_1L_REVIEW.html,NCT02231749,CheckMate 214,NO_ROB,
RESMETIROM_MASH_REVIEW.html,NCT03900429,MAESTRO-NASH,NO_ROB,
RISANKIZUMAB_CD_REVIEW.html,NCT03105128,ADVANCE,NO_ROB,
RISANKIZUMAB_CD_REVIEW.html,NCT03104413,MOTIVATE,NO_ROB,
RISANKIZUMAB_CD_REVIEW.html,NCT03105102,FORTIFY,NO_ROB,
ROMOSOZUMAB_OP_REVIEW.html,NCT01575834,FRAME,NO_ROB,
ROMOSOZUMAB_OP_REVIEW.html,NCT01631214,ARCH,NO_ROB,
ROMOSOZUMAB_OP_REVIEW.html,NCT02186171,BRIDGE,NO_ROB,
ROTAVIRUS_VACCINE_AFRICA_REVIEW.html,NCT00241644,Rotarix Africa (Madhi 2010),NO_ROB,
ROTAVIRUS_VACCINE_AFRICA_REVIEW.html,NCT00362648,RotaTeq Africa (Armah 2010),NO_ROB,
ROTAVIRUS_VACCINE_AFRICA_REVIEW.html,NCT02145000,Rotasiil ROSE Niger (Isanaka 2017),NO_ROB,
RSV_VACCINE_OLDER_REVIEW.html,NCT05035212,RENOIR,NO_ROB,
RSV_VACCINE_OLDER_REVIEW.html,NCT04886596,AReSVi-006,NO_ROB,
RSV_VACCINE_OLDER_REVIEW.html,NCT05127434,ConquerRSV,NO_ROB,
RUSFERTIDE_PV_REVIEW.html,NCT05210790,VERIFY,NO_ROB,
SAM_SIMPLIFIED_PROTOCOL_REVIEW.html,NCT04698070,OptiMA Niger (ComPAS vs Standard),NO_ROB,
SCD_DISEASE_MOD_REVIEW.html,NCT01966731,"REACH (hydroxyurea, Africa)",NO_ROB,
SCD_DISEASE_MOD_REVIEW.html,NCT01179217,L-glutamine (Endari),NO_ROB,
SCD_DISEASE_MOD_REVIEW.html,NCT03745287,CLIMB-121 (exa-cel/Casgevy),NO_ROB,
SCHISTOSOMIASIS_ARPRAZIQUANTEL_REVIEW.html,NCT03845140,L-PZQ ODT (arpraziquantel) phase 3,NO_ROB,
SEMAGLUTIDE_OBESITY_REVIEW.html,NCT03548935,STEP-1,NO_ROB,
SEMAGLUTIDE_OBESITY_REVIEW.html,NCT03611582,STEP-3,NO_ROB,
SEMAGLUTIDE_OBESITY_REVIEW.html,NCT03693430,STEP-5,NO_ROB,
SEMAGLUTIDE_OBESITY_REVIEW.html,NCT03552757,STEP-2,NO_ROB,
SEPSIS_RESUSCITATION_REVIEW.html,NCT01945983,CENSER (Permpikul 2019),NO_ROB,
SEPSIS_RESUSCITATION_REVIEW.html,NCT03434028,CLOVERS (Shapiro 2023),NO_ROB,
SEPSIS_RESUSCITATION_REVIEW.html,NCT03668236,CLASSIC (Meyhoff 2022),NO_ROB,
SEVERE_ASTHMA_NMA_REVIEW.html,NCT01691521,MENSA,NO_ROB,
SEVERE_ASTHMA_NMA_REVIEW.html,NCT01287039,Castro-2015-Resliz,NO_ROB,
SEVERE_ASTHMA_NMA_REVIEW.html,NCT01928771,SIROCCO,NO_ROB,
SEVERE_ASTHMA_NMA_REVIEW.html,NCT02414854,QUEST,NO_ROB,
SEVERE_ASTHMA_NMA_REVIEW.html,NCT03347279,NAVIGATOR,NO_ROB,
SEVERE_PEDIATRIC_FEBRILE_AFRICA_REVIEW.html,LEGACY-ISRCTN-50258054-AQUAMAT,AQUAMAT (IV artesunate vs IV quinine),NO_ROB,
SEVERE_PEDIATRIC_FEBRILE_AFRICA_REVIEW.html,LEGACY-ISRCTN-69856593-FEAST,FEAST (fluid bolus severe sepsis),NO_ROB,
SEVERE_PEDIATRIC_FEBRILE_AFRICA_REVIEW.html,LEGACY-ISRCTN-84086586-TRACT,TRACT (transfusion threshold anaemic),NO_ROB,
SGLT2_HF_REVIEW.html,NCT03036124,DAPA-HF,NO_ROB,
SGLT2_HF_REVIEW.html,NCT03057977,EMPEROR-Reduced,NO_ROB,
SGLT2_HF_REVIEW.html,NCT03057951,EMPEROR-Preserved,NO_ROB,
SGLT2_HF_REVIEW.html,NCT03619213,DELIVER,NO_ROB,
SGLT2_HF_REVIEW.html,NCT03521934,SOLOIST-WHF,NO_ROB,
SGLT2_MACE_CVOT_REVIEW.html,NCT01131676,EMPA-REG OUTCOME,NO_ROB,
SGLT2_MACE_CVOT_REVIEW.html,NCT01032629,CANVAS,NO_ROB,
SGLT2_MACE_CVOT_REVIEW.html,NCT01730534,DECLARE-TIMI 58,NO_ROB,
SGLT2_MACE_CVOT_REVIEW.html,NCT01986881,VERTIS-CV,NO_ROB,
SGLT2I_HF_NMA_REVIEW.html,NCT03036124,DAPA-HF,NO_ROB,
SGLT2I_HF_NMA_REVIEW.html,NCT03057977,EMPEROR-Reduced,NO_ROB,
SGLT2I_HF_NMA_REVIEW.html,NCT03057951,EMPEROR-Preserved,NO_ROB,
SGLT2I_HF_NMA_REVIEW.html,NCT03619213,DELIVER,NO_ROB,
SGLT2I_HF_NMA_REVIEW.html,NCT03521934,SOLOIST-WHF,NO_ROB,
SGLT2I_HF_NMA_REVIEW.html,NCT03315143,SCORED,NO_ROB,
SOTAGLIFLOZIN_HF_REVIEW.html,NCT03521934,SOLOIST-WHF,NO_ROB,
SOTAGLIFLOZIN_HF_REVIEW.html,NCT03315143,SCORED,NO_ROB,
SOTATERCEPT_PAH_REVIEW.html,NCT04576988,STELLAR,NO_ROB,
SPARSENTAN_IGAN_REVIEW.html,NCT03762850,PROTECT,NO_ROB,
SPONDYLOARTHRITIS_REVIEW.html,NCT02696785,MEASURE 4,NO_ROB,
SPONDYLOARTHRITIS_REVIEW.html,NCT03928704,BE MOBILE 1,NO_ROB,
SPONDYLOARTHRITIS_REVIEW.html,NCT03928743,BE MOBILE 2,NO_ROB,
SPONDYLOARTHRITIS_REVIEW.html,NCT04169373,SELECT-AXIS 2,NO_ROB,
TARLATAMAB_SCLC_REVIEW.html,NCT05060016,DeLLphi-301,NO_ROB,
TAVR_LOWRISK_REVIEW.html,NCT02675114,PARTNER 3,NO_ROB,
TAVR_LOWRISK_REVIEW.html,NCT02701283,Evolut Low Risk,NO_ROB,
TAVR_LOWRISK_REVIEW.html,NCT01057173,NOTION,NO_ROB,
TB_DRUG_SUSCEPTIBLE_4MO_REVIEW.html,NCT02410772,Study 31 / A5349 (4-month rifapentine-moxifloxacin),NO_ROB,
TB_PREVENTION_REVIEW.html,NCT01404312,BRIEF-TB / A5279,NO_ROB,
TDXD_HER2LOW_BC_REVIEW.html,NCT03734029,DESTINY-Breast04,NO_ROB,
TDXD_HER2LOW_BC_REVIEW.html,NCT04494425,DESTINY-Breast06,NO_ROB,
TEPLIZUMAB_T1D_REVIEW.html,NCT01030861,TN-10,NO_ROB,
TIRZEPATIDE_OBESITY_REVIEW.html,NCT04184622,SURMOUNT-1,NO_ROB,
TIRZEPATIDE_OBESITY_REVIEW.html,NCT04657003,SURMOUNT-2,NO_ROB,
TIRZEPATIDE_OBESITY_REVIEW.html,NCT04657016,SURMOUNT-3,NO_ROB,
TIRZEPATIDE_T2D_REVIEW.html,NCT03954834,SURPASS-1,NO_ROB,
TIRZEPATIDE_T2D_REVIEW.html,NCT03882970,SURPASS-3,NO_ROB,
TIRZEPATIDE_T2D_REVIEW.html,NCT04039503,SURPASS-5,NO_ROB,
TIRZEPATIDE_T2D_REVIEW.html,NCT03987919,SURPASS-2,NO_ROB,
TIRZEPATIDE_T2D_REVIEW.html,NCT03730662,SURPASS-4,NO_ROB,
TNK_VS_TPA_STROKE_REVIEW.html,NCT01949948,NOR-TEST,NO_ROB,
TNK_VS_TPA_STROKE_REVIEW.html,NCT03889249,AcT,NO_ROB,
TNK_VS_TPA_STROKE_REVIEW.html,NCT04797013,TRACE-2,NO_ROB,
TNK_VS_TPA_STROKE_REVIEW.html,NCT02388061,EXTEND-IA TNK,NO_ROB,
TNK_VS_TPA_STROKE_REVIEW.html,NCT03854500,NOR-TEST 2 Part A,NO_ROB,
TNK_VS_TPA_STROKE_REVIEW.html,NCT02814409,ATTEST-2,NO_ROB,
TOFACITINIB_UC_REVIEW.html,NCT01465763,OCTAVE Induction 1,NO_ROB,
TOFACITINIB_UC_REVIEW.html,NCT01458951,OCTAVE Induction 2,NO_ROB,
TOFACITINIB_UC_REVIEW.html,NCT01458574,OCTAVE Sustain,NO_ROB,
TYVAC_TYPHOID_REVIEW.html,NCT03299426,TyVAC Malawi,NO_ROB,
UC_BIOLOGICS_NMA_REVIEW.html,NCT00036439,ACT-1,NO_ROB,
UC_BIOLOGICS_NMA_REVIEW.html,NCT00408629,ULTRA-2,NO_ROB,
UC_BIOLOGICS_NMA_REVIEW.html,NCT00488774,PURSUIT-SC,NO_ROB,
UC_BIOLOGICS_NMA_REVIEW.html,NCT00783718,GEMINI-1,NO_ROB,
UC_BIOLOGICS_NMA_REVIEW.html,NCT02407236,UNIFI-induction,NO_ROB,
UC_BIOLOGICS_NMA_REVIEW.html,NCT01465763,OCTAVE-1,NO_ROB,
UC_BIOLOGICS_NMA_REVIEW.html,NCT02819635,U-ACHIEVE,NO_ROB,
UC_BIOLOGICS_NMA_REVIEW.html,NCT02435992,TRUE-NORTH,NO_ROB,
UC_BIOLOGICS_NMA_REVIEW.html,NCT03518086,LUCENT-1,NO_ROB,
UPADACITINIB_CD_REVIEW.html,NCT03345849,U-EXCEL,NO_ROB,
UPADACITINIB_CD_REVIEW.html,NCT03345836,U-EXCEED,NO_ROB,
UPADACITINIB_CD_REVIEW.html,NCT03345823,U-ENDURE,NO_ROB,
VENETOCLAX_AML_REVIEW.html,NCT02993523,VIALE-A,NO_ROB,
VENETOCLAX_AML_REVIEW.html,NCT03069352,VIALE-C,NO_ROB,
VENETOCLAX_CLL_REVIEW.html,NCT02242942,CLL14,NO_ROB,
VENETOCLAX_CLL_REVIEW.html,NCT02005471,MURANO,NO_ROB,
VENETOCLAX_CLL_REVIEW.html,NCT02950051,CLL13/GAIA,NO_ROB,
VITAMIN_D_FRACTURE_FALL_REVIEW.html,NCT01169259,VITAL (Manson 2019),NO_ROB,
VITAMIN_D_FRACTURE_FALL_REVIEW.html,LEGACY-ACTRN12613000743763-DHEALTH,D-Health (Neale 2022),NO_ROB,
VITAMIN_D_FRACTURE_FALL_REVIEW.html,LEGACY-ACTRN12611000402943-VIDA,ViDA (Khaw 2017),NO_ROB,
VITILIGO_REVIEW.html,NCT04052425,TRuE-V1 (Rosmarin 2022),NO_ROB,
VITILIGO_REVIEW.html,NCT04057573,TRuE-V2 (Rosmarin 2022),NO_ROB,
VITILIGO_REVIEW.html,NCT04927975,UpA-Vitiligo Phase 2/3 (Passeron 2024),NO_ROB,
VOCLOSPORIN_LN_REVIEW.html,NCT03021499,AURORA 1,NO_ROB,
VORASIDENIB_GLIOMA_REVIEW.html,NCT04164901,INDIGO,NO_ROB,
VUTRISIRAN_ATTR_REVIEW.html,NCT04153149,HELIOS-B,NO_ROB,
YELLOW_FEVER_FRACTIONAL_REVIEW.html,LEGACY-NONNCT-CASEY-2019-YF,Casey 2019 Kinshasa (1/5 fractional 17DD),NO_ROB,
ZOLBETUXIMAB_GASTRIC_REVIEW.html,NCT03504397,SPOTLIGHT,NO_ROB,
ZOLBETUXIMAB_GASTRIC_REVIEW.html,NCT03653507,GLOW,NO_ROB,
ZURANOLONE_PPD_REVIEW.html,NCT04442503,SKYLARK,NO_ROB,
ZURANOLONE_PPD_REVIEW.html,NCT02978326,ROBIN,NO_ROB,
